S0,m,r,T,corp,alpha,beta,omega,gamma,lambda,V
100,0.8,0.03,5,1,1.33e-06,0.8,1e-06,100,0.5,0.05352783203125
100,0.8,0.03,5,-1,1.33e-06,0.8,1e-06,100,0.5,0.1875
100,0.85,0.03,5,1,1.33e-06,0.8,1e-06,100,0.5,0.0458984375
100,0.85,0.03,5,-1,1.33e-06,0.8,1e-06,100,0.5,0.1875
100,0.9,0.03,5,1,1.33e-06,0.8,1e-06,100,0.5,0.0367431640625
100,0.9,0.03,5,-1,1.33e-06,0.8,1e-06,100,0.5,0.09375
100,0.95,0.03,5,1,1.33e-06,0.8,1e-06,100,0.5,0.02911376953125
100,0.95,0.03,5,-1,1.33e-06,0.8,1e-06,100,0.5,0.09375
100,1,0.03,5,1,1.33e-06,0.8,1e-06,100,0.5,0.02178955078125
100,1,0.03,5,-1,1.33e-06,0.8,1e-06,100,0.5,0.01171875
100,1.05,0.03,5,1,1.33e-06,0.8,1e-06,100,0.5,0.0147705078125
100,1.05,0.03,5,-1,1.33e-06,0.8,1e-06,100,0.5,0.0234375
100,1.1,0.03,5,1,1.33e-06,0.8,1e-06,100,0.5,0.00823974609375
100,1.1,0.03,5,-1,1.33e-06,0.8,1e-06,100,0.5,0.046875
100,1.15,0.03,5,1,1.33e-06,0.8,1e-06,100,0.5,0.00353050231933594
100,1.15,0.03,5,-1,1.33e-06,0.8,1e-06,100,0.5,0.046875
100,1.2,0.03,5,1,1.33e-06,0.8,1e-06,100,0.5,0.005859375
100,1.2,0.03,5,-1,1.33e-06,0.8,1e-06,100,0.5,0.046875
100,0.8,0.03,10,1,1.33e-06,0.8,1e-06,100,0.5,3.94430452610506e-31
100,0.8,0.03,10,-1,1.33e-06,0.8,1e-06,100,0.5,0.1875
100,0.85,0.03,10,1,1.33e-06,0.8,1e-06,100,0.5,3.94430452610506e-31
100,0.85,0.03,10,-1,1.33e-06,0.8,1e-06,100,0.5,0.1875
100,0.9,0.03,10,1,1.33e-06,0.8,1e-06,100,0.5,3.94430452610506e-31
100,0.9,0.03,10,-1,1.33e-06,0.8,1e-06,100,0.5,0.09375
100,0.95,0.03,10,1,1.33e-06,0.8,1e-06,100,0.5,3.94430452610506e-31
100,0.95,0.03,10,-1,1.33e-06,0.8,1e-06,100,0.5,0.09375
100,1,0.03,10,1,1.33e-06,0.8,1e-06,100,0.5,3.94430452610506e-31
100,1,0.03,10,-1,1.33e-06,0.8,1e-06,100,0.5,0.01171875
100,1.05,0.03,10,1,1.33e-06,0.8,1e-06,100,0.5,3.94430452610506e-31
100,1.05,0.03,10,-1,1.33e-06,0.8,1e-06,100,0.5,0.0234375
100,1.1,0.03,10,1,1.33e-06,0.8,1e-06,100,0.5,3.94430452610506e-31
100,1.1,0.03,10,-1,1.33e-06,0.8,1e-06,100,0.5,0.046875
100,1.15,0.03,10,1,1.33e-06,0.8,1e-06,100,0.5,3.94430452610506e-31
100,1.15,0.03,10,-1,1.33e-06,0.8,1e-06,100,0.5,0.046875
100,1.2,0.03,10,1,1.33e-06,0.8,1e-06,100,0.5,3.94430452610506e-31
100,1.2,0.03,10,-1,1.33e-06,0.8,1e-06,100,0.5,0.046875
100,0.8,0.03,21,1,1.33e-06,0.8,1e-06,100,0.5,3.94430452610506e-31
100,0.8,0.03,21,-1,1.33e-06,0.8,1e-06,100,0.5,0.1875
100,0.85,0.03,21,1,1.33e-06,0.8,1e-06,100,0.5,3.94430452610506e-31
100,0.85,0.03,21,-1,1.33e-06,0.8,1e-06,100,0.5,0.1875
100,0.9,0.03,21,1,1.33e-06,0.8,1e-06,100,0.5,3.94430452610506e-31
100,0.9,0.03,21,-1,1.33e-06,0.8,1e-06,100,0.5,0.09375
100,0.95,0.03,21,1,1.33e-06,0.8,1e-06,100,0.5,3.94430452610506e-31
100,0.95,0.03,21,-1,1.33e-06,0.8,1e-06,100,0.5,0.09375
100,1,0.03,21,1,1.33e-06,0.8,1e-06,100,0.5,3.94430452610506e-31
100,1,0.03,21,-1,1.33e-06,0.8,1e-06,100,0.5,0.0234375
100,1.05,0.03,21,1,1.33e-06,0.8,1e-06,100,0.5,3.94430452610506e-31
100,1.05,0.03,21,-1,1.33e-06,0.8,1e-06,100,0.5,0.0234375
100,1.1,0.03,21,1,1.33e-06,0.8,1e-06,100,0.5,3.94430452610506e-31
100,1.1,0.03,21,-1,1.33e-06,0.8,1e-06,100,0.5,0.046875
100,1.15,0.03,21,1,1.33e-06,0.8,1e-06,100,0.5,3.94430452610506e-31
100,1.15,0.03,21,-1,1.33e-06,0.8,1e-06,100,0.5,0.046875
100,1.2,0.03,21,1,1.33e-06,0.8,1e-06,100,0.5,3.94430452610506e-31
100,1.2,0.03,21,-1,1.33e-06,0.8,1e-06,100,0.5,0.046875
100,0.8,0.03,42,1,1.33e-06,0.8,1e-06,100,0.5,3.94430452610506e-31
100,0.8,0.03,42,-1,1.33e-06,0.8,1e-06,100,0.5,0.1875
100,0.85,0.03,42,1,1.33e-06,0.8,1e-06,100,0.5,3.94430452610506e-31
100,0.85,0.03,42,-1,1.33e-06,0.8,1e-06,100,0.5,0.1875
100,0.9,0.03,42,1,1.33e-06,0.8,1e-06,100,0.5,3.94430452610506e-31
100,0.9,0.03,42,-1,1.33e-06,0.8,1e-06,100,0.5,0.1875
100,0.95,0.03,42,1,1.33e-06,0.8,1e-06,100,0.5,3.94430452610506e-31
100,0.95,0.03,42,-1,1.33e-06,0.8,1e-06,100,0.5,0.09375
100,1,0.03,42,1,1.33e-06,0.8,1e-06,100,0.5,3.94430452610506e-31
100,1,0.03,42,-1,1.33e-06,0.8,1e-06,100,0.5,0.0234375
100,1.05,0.03,42,1,1.33e-06,0.8,1e-06,100,0.5,3.94430452610506e-31
100,1.05,0.03,42,-1,1.33e-06,0.8,1e-06,100,0.5,0.046875
100,1.1,0.03,42,1,1.33e-06,0.8,1e-06,100,0.5,3.94430452610506e-31
100,1.1,0.03,42,-1,1.33e-06,0.8,1e-06,100,0.5,0.046875
100,1.15,0.03,42,1,1.33e-06,0.8,1e-06,100,0.5,3.94430452610506e-31
100,1.15,0.03,42,-1,1.33e-06,0.8,1e-06,100,0.5,0.046875
100,1.2,0.03,42,1,1.33e-06,0.8,1e-06,100,0.5,3.94430452610506e-31
100,1.2,0.03,42,-1,1.33e-06,0.8,1e-06,100,0.5,0.046875
100,0.8,0.03,63,1,1.33e-06,0.8,1e-06,100,0.5,3.94430452610506e-31
100,0.8,0.03,63,-1,1.33e-06,0.8,1e-06,100,0.5,0.1875
100,0.85,0.03,63,1,1.33e-06,0.8,1e-06,100,0.5,3.94430452610506e-31
100,0.85,0.03,63,-1,1.33e-06,0.8,1e-06,100,0.5,0.1875
100,0.9,0.03,63,1,1.33e-06,0.8,1e-06,100,0.5,3.94430452610506e-31
100,0.9,0.03,63,-1,1.33e-06,0.8,1e-06,100,0.5,0.1875
100,0.95,0.03,63,1,1.33e-06,0.8,1e-06,100,0.5,3.94430452610506e-31
100,0.95,0.03,63,-1,1.33e-06,0.8,1e-06,100,0.5,0.09375
100,1,0.03,63,1,1.33e-06,0.8,1e-06,100,0.5,3.94430452610506e-31
100,1,0.03,63,-1,1.33e-06,0.8,1e-06,100,0.5,0.046875
100,1.05,0.03,63,1,1.33e-06,0.8,1e-06,100,0.5,3.94430452610506e-31
100,1.05,0.03,63,-1,1.33e-06,0.8,1e-06,100,0.5,0.046875
100,1.1,0.03,63,1,1.33e-06,0.8,1e-06,100,0.5,3.94430452610506e-31
100,1.1,0.03,63,-1,1.33e-06,0.8,1e-06,100,0.5,0.046875
100,1.15,0.03,63,1,1.33e-06,0.8,1e-06,100,0.5,3.94430452610506e-31
100,1.15,0.03,63,-1,1.33e-06,0.8,1e-06,100,0.5,0.046875
100,1.2,0.03,63,1,1.33e-06,0.8,1e-06,100,0.5,3.94430452610506e-31
100,1.2,0.03,63,-1,1.33e-06,0.8,1e-06,100,0.5,0.046875
100,0.8,0.03,126,1,1.33e-06,0.8,1e-06,100,0.5,3.94430452610506e-31
100,0.8,0.03,126,-1,1.33e-06,0.8,1e-06,100,0.5,0.375
100,0.85,0.03,126,1,1.33e-06,0.8,1e-06,100,0.5,3.94430452610506e-31
100,0.85,0.03,126,-1,1.33e-06,0.8,1e-06,100,0.5,0.1875
100,0.9,0.03,126,1,1.33e-06,0.8,1e-06,100,0.5,3.94430452610506e-31
100,0.9,0.03,126,-1,1.33e-06,0.8,1e-06,100,0.5,0.1875
100,0.95,0.03,126,1,1.33e-06,0.8,1e-06,100,0.5,3.94430452610506e-31
100,0.95,0.03,126,-1,1.33e-06,0.8,1e-06,100,0.5,0.1875
100,1,0.03,126,1,1.33e-06,0.8,1e-06,100,0.5,3.94430452610506e-31
100,1,0.03,126,-1,1.33e-06,0.8,1e-06,100,0.5,0.046875
100,1.05,0.03,126,1,1.33e-06,0.8,1e-06,100,0.5,3.94430452610506e-31
100,1.05,0.03,126,-1,1.33e-06,0.8,1e-06,100,0.5,0.046875
100,1.1,0.03,126,1,1.33e-06,0.8,1e-06,100,0.5,3.94430452610506e-31
100,1.1,0.03,126,-1,1.33e-06,0.8,1e-06,100,0.5,0.046875
100,1.15,0.03,126,1,1.33e-06,0.8,1e-06,100,0.5,3.94430452610506e-31
100,1.15,0.03,126,-1,1.33e-06,0.8,1e-06,100,0.5,0.046875
100,1.2,0.03,126,1,1.33e-06,0.8,1e-06,100,0.5,3.94430452610506e-31
100,1.2,0.03,126,-1,1.33e-06,0.8,1e-06,100,0.5,0.046875
100,0.8,0.03,180,1,1.33e-06,0.8,1e-06,100,0.5,3.94430452610506e-31
100,0.8,0.03,180,-1,1.33e-06,0.8,1e-06,100,0.5,0.375
100,0.85,0.03,180,1,1.33e-06,0.8,1e-06,100,0.5,3.94430452610506e-31
100,0.85,0.03,180,-1,1.33e-06,0.8,1e-06,100,0.5,0.375
100,0.9,0.03,180,1,1.33e-06,0.8,1e-06,100,0.5,3.94430452610506e-31
100,0.9,0.03,180,-1,1.33e-06,0.8,1e-06,100,0.5,0.1875
100,0.95,0.03,180,1,1.33e-06,0.8,1e-06,100,0.5,3.94430452610506e-31
100,0.95,0.03,180,-1,1.33e-06,0.8,1e-06,100,0.5,0.1875
100,1,0.03,180,1,1.33e-06,0.8,1e-06,100,0.5,3.94430452610506e-31
100,1,0.03,180,-1,1.33e-06,0.8,1e-06,100,0.5,0.046875
100,1.05,0.03,180,1,1.33e-06,0.8,1e-06,100,0.5,3.94430452610506e-31
100,1.05,0.03,180,-1,1.33e-06,0.8,1e-06,100,0.5,0.046875
100,1.1,0.03,180,1,1.33e-06,0.8,1e-06,100,0.5,3.94430452610506e-31
100,1.1,0.03,180,-1,1.33e-06,0.8,1e-06,100,0.5,0.046875
100,1.15,0.03,180,1,1.33e-06,0.8,1e-06,100,0.5,3.94430452610506e-31
100,1.15,0.03,180,-1,1.33e-06,0.8,1e-06,100,0.5,0.046875
100,1.2,0.03,180,1,1.33e-06,0.8,1e-06,100,0.5,3.94430452610506e-31
100,1.2,0.03,180,-1,1.33e-06,0.8,1e-06,100,0.5,0.09375
100,0.8,0.03,252,1,1.33e-06,0.8,1e-06,100,0.5,3.94430452610506e-31
100,0.8,0.03,252,-1,1.33e-06,0.8,1e-06,100,0.5,0.75
100,0.85,0.03,252,1,1.33e-06,0.8,1e-06,100,0.5,3.94430452610506e-31
100,0.85,0.03,252,-1,1.33e-06,0.8,1e-06,100,0.5,0.375
100,0.9,0.03,252,1,1.33e-06,0.8,1e-06,100,0.5,3.94430452610506e-31
100,0.9,0.03,252,-1,1.33e-06,0.8,1e-06,100,0.5,0.375
100,0.95,0.03,252,1,1.33e-06,0.8,1e-06,100,0.5,3.94430452610506e-31
100,0.95,0.03,252,-1,1.33e-06,0.8,1e-06,100,0.5,0.1875
100,1,0.03,252,1,1.33e-06,0.8,1e-06,100,0.5,3.94430452610506e-31
100,1,0.03,252,-1,1.33e-06,0.8,1e-06,100,0.5,0.09375
100,1.05,0.03,252,1,1.33e-06,0.8,1e-06,100,0.5,3.94430452610506e-31
100,1.05,0.03,252,-1,1.33e-06,0.8,1e-06,100,0.5,0.09375
100,1.1,0.03,252,1,1.33e-06,0.8,1e-06,100,0.5,3.94430452610506e-31
100,1.1,0.03,252,-1,1.33e-06,0.8,1e-06,100,0.5,0.09375
100,1.15,0.03,252,1,1.33e-06,0.8,1e-06,100,0.5,3.94430452610506e-31
100,1.15,0.03,252,-1,1.33e-06,0.8,1e-06,100,0.5,0.09375
100,1.2,0.03,252,1,1.33e-06,0.8,1e-06,100,0.5,3.94430452610506e-31
100,1.2,0.03,252,-1,1.33e-06,0.8,1e-06,100,0.5,0.09375
100,0.8,0.03,360,1,1.33e-06,0.8,1e-06,100,0.5,3.94430452610506e-31
100,0.8,0.03,360,-1,1.33e-06,0.8,1e-06,100,0.5,0.75
100,0.85,0.03,360,1,1.33e-06,0.8,1e-06,100,0.5,3.94430452610506e-31
100,0.85,0.03,360,-1,1.33e-06,0.8,1e-06,100,0.5,0.75
100,0.9,0.03,360,1,1.33e-06,0.8,1e-06,100,0.5,3.94430452610506e-31
100,0.9,0.03,360,-1,1.33e-06,0.8,1e-06,100,0.5,0.375
100,0.95,0.03,360,1,1.33e-06,0.8,1e-06,100,0.5,3.94430452610506e-31
100,0.95,0.03,360,-1,1.33e-06,0.8,1e-06,100,0.5,0.375
100,1,0.03,360,1,1.33e-06,0.8,1e-06,100,0.5,3.94430452610506e-31
100,1,0.03,360,-1,1.33e-06,0.8,1e-06,100,0.5,0.09375
100,1.05,0.03,360,1,1.33e-06,0.8,1e-06,100,0.5,3.94430452610506e-31
100,1.05,0.03,360,-1,1.33e-06,0.8,1e-06,100,0.5,0.09375
100,1.1,0.03,360,1,1.33e-06,0.8,1e-06,100,0.5,3.94430452610506e-31
100,1.1,0.03,360,-1,1.33e-06,0.8,1e-06,100,0.5,0.09375
100,1.15,0.03,360,1,1.33e-06,0.8,1e-06,100,0.5,3.94430452610506e-31
100,1.15,0.03,360,-1,1.33e-06,0.8,1e-06,100,0.5,0.09375
100,1.2,0.03,360,1,1.33e-06,0.8,1e-06,100,0.5,3.94430452610506e-31
100,1.2,0.03,360,-1,1.33e-06,0.8,1e-06,100,0.5,0.09375
100,0.85,0.03,5,1,1.33e-06,0.8,1e-06,100,0.5,0.0458984375
100,0.85,0.03,5,-1,1.33e-06,0.8,1e-06,100,0.5,0.1875
100,0.88125,0.03,5,1,1.33e-06,0.8,1e-06,100,0.5,0.0399169921875
100,0.88125,0.03,5,-1,1.33e-06,0.8,1e-06,100,0.5,0.09375
100,0.9125,0.03,5,1,1.33e-06,0.8,1e-06,100,0.5,0.0347900390625
100,0.9125,0.03,5,-1,1.33e-06,0.8,1e-06,100,0.5,0.09375
100,0.94375,0.03,5,1,1.33e-06,0.8,1e-06,100,0.5,0.030059814453125
100,0.94375,0.03,5,-1,1.33e-06,0.8,1e-06,100,0.5,0.09375
100,0.975,0.03,5,1,1.33e-06,0.8,1e-06,100,0.5,0.025421142578125
100,0.975,0.03,5,-1,1.33e-06,0.8,1e-06,100,0.5,0.046875
100,1.00625,0.03,5,1,1.33e-06,0.8,1e-06,100,0.5,0.020751953125
100,1.00625,0.03,5,-1,1.33e-06,0.8,1e-06,100,0.5,0.01171875
100,1.0375,0.03,5,1,1.33e-06,0.8,1e-06,100,0.5,0.01611328125
100,1.0375,0.03,5,-1,1.33e-06,0.8,1e-06,100,0.5,0.0234375
100,1.06875,0.03,5,1,1.33e-06,0.8,1e-06,100,0.5,0.01239013671875
100,1.06875,0.03,5,-1,1.33e-06,0.8,1e-06,100,0.5,0.0234375
100,1.1,0.03,5,1,1.33e-06,0.8,1e-06,100,0.5,0.00823974609375
100,1.1,0.03,5,-1,1.33e-06,0.8,1e-06,100,0.5,0.046875
100,0.85,0.03,10,1,1.33e-06,0.8,1e-06,100,0.5,3.94430452610506e-31
100,0.85,0.03,10,-1,1.33e-06,0.8,1e-06,100,0.5,0.1875
100,0.88125,0.03,10,1,1.33e-06,0.8,1e-06,100,0.5,3.94430452610506e-31
100,0.88125,0.03,10,-1,1.33e-06,0.8,1e-06,100,0.5,0.1875
100,0.9125,0.03,10,1,1.33e-06,0.8,1e-06,100,0.5,3.94430452610506e-31
100,0.9125,0.03,10,-1,1.33e-06,0.8,1e-06,100,0.5,0.09375
100,0.94375,0.03,10,1,1.33e-06,0.8,1e-06,100,0.5,3.94430452610506e-31
100,0.94375,0.03,10,-1,1.33e-06,0.8,1e-06,100,0.5,0.09375
100,0.975,0.03,10,1,1.33e-06,0.8,1e-06,100,0.5,3.94430452610506e-31
100,0.975,0.03,10,-1,1.33e-06,0.8,1e-06,100,0.5,0.09375
100,1.00625,0.03,10,1,1.33e-06,0.8,1e-06,100,0.5,3.94430452610506e-31
100,1.00625,0.03,10,-1,1.33e-06,0.8,1e-06,100,0.5,0.01171875
100,1.0375,0.03,10,1,1.33e-06,0.8,1e-06,100,0.5,3.94430452610506e-31
100,1.0375,0.03,10,-1,1.33e-06,0.8,1e-06,100,0.5,0.0234375
100,1.06875,0.03,10,1,1.33e-06,0.8,1e-06,100,0.5,3.94430452610506e-31
100,1.06875,0.03,10,-1,1.33e-06,0.8,1e-06,100,0.5,0.0234375
100,1.1,0.03,10,1,1.33e-06,0.8,1e-06,100,0.5,3.94430452610506e-31
100,1.1,0.03,10,-1,1.33e-06,0.8,1e-06,100,0.5,0.046875
100,0.85,0.03,21,1,1.33e-06,0.8,1e-06,100,0.5,3.94430452610506e-31
100,0.85,0.03,21,-1,1.33e-06,0.8,1e-06,100,0.5,0.1875
100,0.88125,0.03,21,1,1.33e-06,0.8,1e-06,100,0.5,3.94430452610506e-31
100,0.88125,0.03,21,-1,1.33e-06,0.8,1e-06,100,0.5,0.1875
100,0.9125,0.03,21,1,1.33e-06,0.8,1e-06,100,0.5,3.94430452610506e-31
100,0.9125,0.03,21,-1,1.33e-06,0.8,1e-06,100,0.5,0.09375
100,0.94375,0.03,21,1,1.33e-06,0.8,1e-06,100,0.5,3.94430452610506e-31
100,0.94375,0.03,21,-1,1.33e-06,0.8,1e-06,100,0.5,0.09375
100,0.975,0.03,21,1,1.33e-06,0.8,1e-06,100,0.5,3.94430452610506e-31
100,0.975,0.03,21,-1,1.33e-06,0.8,1e-06,100,0.5,0.09375
100,1.00625,0.03,21,1,1.33e-06,0.8,1e-06,100,0.5,3.94430452610506e-31
100,1.00625,0.03,21,-1,1.33e-06,0.8,1e-06,100,0.5,0.0234375
100,1.0375,0.03,21,1,1.33e-06,0.8,1e-06,100,0.5,3.94430452610506e-31
100,1.0375,0.03,21,-1,1.33e-06,0.8,1e-06,100,0.5,0.0234375
100,1.06875,0.03,21,1,1.33e-06,0.8,1e-06,100,0.5,3.94430452610506e-31
100,1.06875,0.03,21,-1,1.33e-06,0.8,1e-06,100,0.5,0.0234375
100,1.1,0.03,21,1,1.33e-06,0.8,1e-06,100,0.5,3.94430452610506e-31
100,1.1,0.03,21,-1,1.33e-06,0.8,1e-06,100,0.5,0.046875
100,0.85,0.03,42,1,1.33e-06,0.8,1e-06,100,0.5,3.94430452610506e-31
100,0.85,0.03,42,-1,1.33e-06,0.8,1e-06,100,0.5,0.1875
100,0.88125,0.03,42,1,1.33e-06,0.8,1e-06,100,0.5,3.94430452610506e-31
100,0.88125,0.03,42,-1,1.33e-06,0.8,1e-06,100,0.5,0.1875
100,0.9125,0.03,42,1,1.33e-06,0.8,1e-06,100,0.5,3.94430452610506e-31
100,0.9125,0.03,42,-1,1.33e-06,0.8,1e-06,100,0.5,0.1875
100,0.94375,0.03,42,1,1.33e-06,0.8,1e-06,100,0.5,3.94430452610506e-31
100,0.94375,0.03,42,-1,1.33e-06,0.8,1e-06,100,0.5,0.09375
100,0.975,0.03,42,1,1.33e-06,0.8,1e-06,100,0.5,3.94430452610506e-31
100,0.975,0.03,42,-1,1.33e-06,0.8,1e-06,100,0.5,0.09375
100,1.00625,0.03,42,1,1.33e-06,0.8,1e-06,100,0.5,3.94430452610506e-31
100,1.00625,0.03,42,-1,1.33e-06,0.8,1e-06,100,0.5,0.0234375
100,1.0375,0.03,42,1,1.33e-06,0.8,1e-06,100,0.5,3.94430452610506e-31
100,1.0375,0.03,42,-1,1.33e-06,0.8,1e-06,100,0.5,0.046875
100,1.06875,0.03,42,1,1.33e-06,0.8,1e-06,100,0.5,3.94430452610506e-31
100,1.06875,0.03,42,-1,1.33e-06,0.8,1e-06,100,0.5,0.046875
100,1.1,0.03,42,1,1.33e-06,0.8,1e-06,100,0.5,3.94430452610506e-31
100,1.1,0.03,42,-1,1.33e-06,0.8,1e-06,100,0.5,0.046875
100,0.85,0.03,63,1,1.33e-06,0.8,1e-06,100,0.5,3.94430452610506e-31
100,0.85,0.03,63,-1,1.33e-06,0.8,1e-06,100,0.5,0.1875
100,0.88125,0.03,63,1,1.33e-06,0.8,1e-06,100,0.5,3.94430452610506e-31
100,0.88125,0.03,63,-1,1.33e-06,0.8,1e-06,100,0.5,0.1875
100,0.9125,0.03,63,1,1.33e-06,0.8,1e-06,100,0.5,3.94430452610506e-31
100,0.9125,0.03,63,-1,1.33e-06,0.8,1e-06,100,0.5,0.1875
100,0.94375,0.03,63,1,1.33e-06,0.8,1e-06,100,0.5,3.94430452610506e-31
100,0.94375,0.03,63,-1,1.33e-06,0.8,1e-06,100,0.5,0.09375
100,0.975,0.03,63,1,1.33e-06,0.8,1e-06,100,0.5,3.94430452610506e-31
100,0.975,0.03,63,-1,1.33e-06,0.8,1e-06,100,0.5,0.09375
100,1.00625,0.03,63,1,1.33e-06,0.8,1e-06,100,0.5,3.94430452610506e-31
100,1.00625,0.03,63,-1,1.33e-06,0.8,1e-06,100,0.5,0.046875
100,1.0375,0.03,63,1,1.33e-06,0.8,1e-06,100,0.5,3.94430452610506e-31
100,1.0375,0.03,63,-1,1.33e-06,0.8,1e-06,100,0.5,0.046875
100,1.06875,0.03,63,1,1.33e-06,0.8,1e-06,100,0.5,3.94430452610506e-31
100,1.06875,0.03,63,-1,1.33e-06,0.8,1e-06,100,0.5,0.046875
100,1.1,0.03,63,1,1.33e-06,0.8,1e-06,100,0.5,3.94430452610506e-31
100,1.1,0.03,63,-1,1.33e-06,0.8,1e-06,100,0.5,0.046875
100,0.85,0.03,126,1,1.33e-06,0.8,1e-06,100,0.5,3.94430452610506e-31
100,0.85,0.03,126,-1,1.33e-06,0.8,1e-06,100,0.5,0.1875
100,0.88125,0.03,126,1,1.33e-06,0.8,1e-06,100,0.5,3.94430452610506e-31
100,0.88125,0.03,126,-1,1.33e-06,0.8,1e-06,100,0.5,0.1875
100,0.9125,0.03,126,1,1.33e-06,0.8,1e-06,100,0.5,3.94430452610506e-31
100,0.9125,0.03,126,-1,1.33e-06,0.8,1e-06,100,0.5,0.1875
100,0.94375,0.03,126,1,1.33e-06,0.8,1e-06,100,0.5,3.94430452610506e-31
100,0.94375,0.03,126,-1,1.33e-06,0.8,1e-06,100,0.5,0.1875
100,0.975,0.03,126,1,1.33e-06,0.8,1e-06,100,0.5,3.94430452610506e-31
100,0.975,0.03,126,-1,1.33e-06,0.8,1e-06,100,0.5,0.09375
100,1.00625,0.03,126,1,1.33e-06,0.8,1e-06,100,0.5,3.94430452610506e-31
100,1.00625,0.03,126,-1,1.33e-06,0.8,1e-06,100,0.5,0.046875
100,1.0375,0.03,126,1,1.33e-06,0.8,1e-06,100,0.5,3.94430452610506e-31
100,1.0375,0.03,126,-1,1.33e-06,0.8,1e-06,100,0.5,0.046875
100,1.06875,0.03,126,1,1.33e-06,0.8,1e-06,100,0.5,3.94430452610506e-31
100,1.06875,0.03,126,-1,1.33e-06,0.8,1e-06,100,0.5,0.046875
100,1.1,0.03,126,1,1.33e-06,0.8,1e-06,100,0.5,3.94430452610506e-31
100,1.1,0.03,126,-1,1.33e-06,0.8,1e-06,100,0.5,0.046875
100,0.85,0.03,180,1,1.33e-06,0.8,1e-06,100,0.5,3.94430452610506e-31
100,0.85,0.03,180,-1,1.33e-06,0.8,1e-06,100,0.5,0.375
100,0.88125,0.03,180,1,1.33e-06,0.8,1e-06,100,0.5,3.94430452610506e-31
100,0.88125,0.03,180,-1,1.33e-06,0.8,1e-06,100,0.5,0.1875
100,0.9125,0.03,180,1,1.33e-06,0.8,1e-06,100,0.5,3.94430452610506e-31
100,0.9125,0.03,180,-1,1.33e-06,0.8,1e-06,100,0.5,0.1875
100,0.94375,0.03,180,1,1.33e-06,0.8,1e-06,100,0.5,3.94430452610506e-31
100,0.94375,0.03,180,-1,1.33e-06,0.8,1e-06,100,0.5,0.1875
100,0.975,0.03,180,1,1.33e-06,0.8,1e-06,100,0.5,3.94430452610506e-31
100,0.975,0.03,180,-1,1.33e-06,0.8,1e-06,100,0.5,0.1875
100,1.00625,0.03,180,1,1.33e-06,0.8,1e-06,100,0.5,3.94430452610506e-31
100,1.00625,0.03,180,-1,1.33e-06,0.8,1e-06,100,0.5,0.046875
100,1.0375,0.03,180,1,1.33e-06,0.8,1e-06,100,0.5,3.94430452610506e-31
100,1.0375,0.03,180,-1,1.33e-06,0.8,1e-06,100,0.5,0.046875
100,1.06875,0.03,180,1,1.33e-06,0.8,1e-06,100,0.5,3.94430452610506e-31
100,1.06875,0.03,180,-1,1.33e-06,0.8,1e-06,100,0.5,0.046875
100,1.1,0.03,180,1,1.33e-06,0.8,1e-06,100,0.5,3.94430452610506e-31
100,1.1,0.03,180,-1,1.33e-06,0.8,1e-06,100,0.5,0.046875
100,0.85,0.03,252,1,1.33e-06,0.8,1e-06,100,0.5,3.94430452610506e-31
100,0.85,0.03,252,-1,1.33e-06,0.8,1e-06,100,0.5,0.375
100,0.88125,0.03,252,1,1.33e-06,0.8,1e-06,100,0.5,3.94430452610506e-31
100,0.88125,0.03,252,-1,1.33e-06,0.8,1e-06,100,0.5,0.375
100,0.9125,0.03,252,1,1.33e-06,0.8,1e-06,100,0.5,3.94430452610506e-31
100,0.9125,0.03,252,-1,1.33e-06,0.8,1e-06,100,0.5,0.375
100,0.94375,0.03,252,1,1.33e-06,0.8,1e-06,100,0.5,3.94430452610506e-31
100,0.94375,0.03,252,-1,1.33e-06,0.8,1e-06,100,0.5,0.1875
100,0.975,0.03,252,1,1.33e-06,0.8,1e-06,100,0.5,3.94430452610506e-31
100,0.975,0.03,252,-1,1.33e-06,0.8,1e-06,100,0.5,0.1875
100,1.00625,0.03,252,1,1.33e-06,0.8,1e-06,100,0.5,3.94430452610506e-31
100,1.00625,0.03,252,-1,1.33e-06,0.8,1e-06,100,0.5,0.09375
100,1.0375,0.03,252,1,1.33e-06,0.8,1e-06,100,0.5,3.94430452610506e-31
100,1.0375,0.03,252,-1,1.33e-06,0.8,1e-06,100,0.5,0.09375
100,1.06875,0.03,252,1,1.33e-06,0.8,1e-06,100,0.5,3.94430452610506e-31
100,1.06875,0.03,252,-1,1.33e-06,0.8,1e-06,100,0.5,0.09375
100,1.1,0.03,252,1,1.33e-06,0.8,1e-06,100,0.5,3.94430452610506e-31
100,1.1,0.03,252,-1,1.33e-06,0.8,1e-06,100,0.5,0.09375
100,0.85,0.03,360,1,1.33e-06,0.8,1e-06,100,0.5,3.94430452610506e-31
100,0.85,0.03,360,-1,1.33e-06,0.8,1e-06,100,0.5,0.75
100,0.88125,0.03,360,1,1.33e-06,0.8,1e-06,100,0.5,3.94430452610506e-31
100,0.88125,0.03,360,-1,1.33e-06,0.8,1e-06,100,0.5,0.75
100,0.9125,0.03,360,1,1.33e-06,0.8,1e-06,100,0.5,3.94430452610506e-31
100,0.9125,0.03,360,-1,1.33e-06,0.8,1e-06,100,0.5,0.375
100,0.94375,0.03,360,1,1.33e-06,0.8,1e-06,100,0.5,3.94430452610506e-31
100,0.94375,0.03,360,-1,1.33e-06,0.8,1e-06,100,0.5,0.375
100,0.975,0.03,360,1,1.33e-06,0.8,1e-06,100,0.5,3.94430452610506e-31
100,0.975,0.03,360,-1,1.33e-06,0.8,1e-06,100,0.5,0.1875
100,1.00625,0.03,360,1,1.33e-06,0.8,1e-06,100,0.5,3.94430452610506e-31
100,1.00625,0.03,360,-1,1.33e-06,0.8,1e-06,100,0.5,0.09375
100,1.0375,0.03,360,1,1.33e-06,0.8,1e-06,100,0.5,3.94430452610506e-31
100,1.0375,0.03,360,-1,1.33e-06,0.8,1e-06,100,0.5,0.09375
100,1.06875,0.03,360,1,1.33e-06,0.8,1e-06,100,0.5,3.94430452610506e-31
100,1.06875,0.03,360,-1,1.33e-06,0.8,1e-06,100,0.5,0.09375
100,1.1,0.03,360,1,1.33e-06,0.8,1e-06,100,0.5,3.94430452610506e-31
100,1.1,0.03,360,-1,1.33e-06,0.8,1e-06,100,0.5,0.09375
100,0.85,0.03,5,1,1.33e-06,0.8,1e-06,100,0.5,0.0458984375
100,0.85,0.03,5,-1,1.33e-06,0.8,1e-06,100,0.5,0.1875
100,0.89375,0.03,5,1,1.33e-06,0.8,1e-06,100,0.5,0.0377197265625
100,0.89375,0.03,5,-1,1.33e-06,0.8,1e-06,100,0.5,0.09375
100,0.9375,0.03,5,1,1.33e-06,0.8,1e-06,100,0.5,0.0311279296875
100,0.9375,0.03,5,-1,1.33e-06,0.8,1e-06,100,0.5,0.09375
100,0.98125,0.03,5,1,1.33e-06,0.8,1e-06,100,0.5,0.02447509765625
100,0.98125,0.03,5,-1,1.33e-06,0.8,1e-06,100,0.5,0.046875
100,1.025,0.03,5,1,1.33e-06,0.8,1e-06,100,0.5,0.0184326171875
100,1.025,0.03,5,-1,1.33e-06,0.8,1e-06,100,0.5,0.0234375
100,1.06875,0.03,5,1,1.33e-06,0.8,1e-06,100,0.5,0.01239013671875
100,1.06875,0.03,5,-1,1.33e-06,0.8,1e-06,100,0.5,0.0234375
100,1.1125,0.03,5,1,1.33e-06,0.8,1e-06,100,0.5,0.0067138671875
100,1.1125,0.03,5,-1,1.33e-06,0.8,1e-06,100,0.5,0.046875
100,1.15625,0.03,5,1,1.33e-06,0.8,1e-06,100,0.5,0.00340461730957031
100,1.15625,0.03,5,-1,1.33e-06,0.8,1e-06,100,0.5,0.046875
100,1.2,0.03,5,1,1.33e-06,0.8,1e-06,100,0.5,0.005859375
100,1.2,0.03,5,-1,1.33e-06,0.8,1e-06,100,0.5,0.046875
100,0.85,0.03,10,1,1.33e-06,0.8,1e-06,100,0.5,3.94430452610506e-31
100,0.85,0.03,10,-1,1.33e-06,0.8,1e-06,100,0.5,0.1875
100,0.89375,0.03,10,1,1.33e-06,0.8,1e-06,100,0.5,3.94430452610506e-31
100,0.89375,0.03,10,-1,1.33e-06,0.8,1e-06,100,0.5,0.09375
100,0.9375,0.03,10,1,1.33e-06,0.8,1e-06,100,0.5,3.94430452610506e-31
100,0.9375,0.03,10,-1,1.33e-06,0.8,1e-06,100,0.5,0.09375
100,0.98125,0.03,10,1,1.33e-06,0.8,1e-06,100,0.5,3.94430452610506e-31
100,0.98125,0.03,10,-1,1.33e-06,0.8,1e-06,100,0.5,0.046875
100,1.025,0.03,10,1,1.33e-06,0.8,1e-06,100,0.5,3.94430452610506e-31
100,1.025,0.03,10,-1,1.33e-06,0.8,1e-06,100,0.5,0.0234375
100,1.06875,0.03,10,1,1.33e-06,0.8,1e-06,100,0.5,3.94430452610506e-31
100,1.06875,0.03,10,-1,1.33e-06,0.8,1e-06,100,0.5,0.0234375
100,1.1125,0.03,10,1,1.33e-06,0.8,1e-06,100,0.5,3.94430452610506e-31
100,1.1125,0.03,10,-1,1.33e-06,0.8,1e-06,100,0.5,0.046875
100,1.15625,0.03,10,1,1.33e-06,0.8,1e-06,100,0.5,3.94430452610506e-31
100,1.15625,0.03,10,-1,1.33e-06,0.8,1e-06,100,0.5,0.046875
100,1.2,0.03,10,1,1.33e-06,0.8,1e-06,100,0.5,3.94430452610506e-31
100,1.2,0.03,10,-1,1.33e-06,0.8,1e-06,100,0.5,0.046875
100,0.85,0.03,21,1,1.33e-06,0.8,1e-06,100,0.5,3.94430452610506e-31
100,0.85,0.03,21,-1,1.33e-06,0.8,1e-06,100,0.5,0.1875
100,0.89375,0.03,21,1,1.33e-06,0.8,1e-06,100,0.5,3.94430452610506e-31
100,0.89375,0.03,21,-1,1.33e-06,0.8,1e-06,100,0.5,0.1875
100,0.9375,0.03,21,1,1.33e-06,0.8,1e-06,100,0.5,3.94430452610506e-31
100,0.9375,0.03,21,-1,1.33e-06,0.8,1e-06,100,0.5,0.09375
100,0.98125,0.03,21,1,1.33e-06,0.8,1e-06,100,0.5,3.94430452610506e-31
100,0.98125,0.03,21,-1,1.33e-06,0.8,1e-06,100,0.5,0.09375
100,1.025,0.03,21,1,1.33e-06,0.8,1e-06,100,0.5,3.94430452610506e-31
100,1.025,0.03,21,-1,1.33e-06,0.8,1e-06,100,0.5,0.0234375
100,1.06875,0.03,21,1,1.33e-06,0.8,1e-06,100,0.5,3.94430452610506e-31
100,1.06875,0.03,21,-1,1.33e-06,0.8,1e-06,100,0.5,0.0234375
100,1.1125,0.03,21,1,1.33e-06,0.8,1e-06,100,0.5,3.94430452610506e-31
100,1.1125,0.03,21,-1,1.33e-06,0.8,1e-06,100,0.5,0.046875
100,1.15625,0.03,21,1,1.33e-06,0.8,1e-06,100,0.5,3.94430452610506e-31
100,1.15625,0.03,21,-1,1.33e-06,0.8,1e-06,100,0.5,0.046875
100,1.2,0.03,21,1,1.33e-06,0.8,1e-06,100,0.5,3.94430452610506e-31
100,1.2,0.03,21,-1,1.33e-06,0.8,1e-06,100,0.5,0.046875
100,0.85,0.03,42,1,1.33e-06,0.8,1e-06,100,0.5,3.94430452610506e-31
100,0.85,0.03,42,-1,1.33e-06,0.8,1e-06,100,0.5,0.1875
100,0.89375,0.03,42,1,1.33e-06,0.8,1e-06,100,0.5,3.94430452610506e-31
100,0.89375,0.03,42,-1,1.33e-06,0.8,1e-06,100,0.5,0.1875
100,0.9375,0.03,42,1,1.33e-06,0.8,1e-06,100,0.5,3.94430452610506e-31
100,0.9375,0.03,42,-1,1.33e-06,0.8,1e-06,100,0.5,0.09375
100,0.98125,0.03,42,1,1.33e-06,0.8,1e-06,100,0.5,3.94430452610506e-31
100,0.98125,0.03,42,-1,1.33e-06,0.8,1e-06,100,0.5,0.09375
100,1.025,0.03,42,1,1.33e-06,0.8,1e-06,100,0.5,3.94430452610506e-31
100,1.025,0.03,42,-1,1.33e-06,0.8,1e-06,100,0.5,0.0234375
100,1.06875,0.03,42,1,1.33e-06,0.8,1e-06,100,0.5,3.94430452610506e-31
100,1.06875,0.03,42,-1,1.33e-06,0.8,1e-06,100,0.5,0.046875
100,1.1125,0.03,42,1,1.33e-06,0.8,1e-06,100,0.5,3.94430452610506e-31
100,1.1125,0.03,42,-1,1.33e-06,0.8,1e-06,100,0.5,0.046875
100,1.15625,0.03,42,1,1.33e-06,0.8,1e-06,100,0.5,3.94430452610506e-31
100,1.15625,0.03,42,-1,1.33e-06,0.8,1e-06,100,0.5,0.046875
100,1.2,0.03,42,1,1.33e-06,0.8,1e-06,100,0.5,3.94430452610506e-31
100,1.2,0.03,42,-1,1.33e-06,0.8,1e-06,100,0.5,0.046875
100,0.85,0.03,63,1,1.33e-06,0.8,1e-06,100,0.5,3.94430452610506e-31
100,0.85,0.03,63,-1,1.33e-06,0.8,1e-06,100,0.5,0.1875
100,0.89375,0.03,63,1,1.33e-06,0.8,1e-06,100,0.5,3.94430452610506e-31
100,0.89375,0.03,63,-1,1.33e-06,0.8,1e-06,100,0.5,0.1875
100,0.9375,0.03,63,1,1.33e-06,0.8,1e-06,100,0.5,3.94430452610506e-31
100,0.9375,0.03,63,-1,1.33e-06,0.8,1e-06,100,0.5,0.1875
100,0.98125,0.03,63,1,1.33e-06,0.8,1e-06,100,0.5,3.94430452610506e-31
100,0.98125,0.03,63,-1,1.33e-06,0.8,1e-06,100,0.5,0.09375
100,1.025,0.03,63,1,1.33e-06,0.8,1e-06,100,0.5,3.94430452610506e-31
100,1.025,0.03,63,-1,1.33e-06,0.8,1e-06,100,0.5,0.046875
100,1.06875,0.03,63,1,1.33e-06,0.8,1e-06,100,0.5,3.94430452610506e-31
100,1.06875,0.03,63,-1,1.33e-06,0.8,1e-06,100,0.5,0.046875
100,1.1125,0.03,63,1,1.33e-06,0.8,1e-06,100,0.5,3.94430452610506e-31
100,1.1125,0.03,63,-1,1.33e-06,0.8,1e-06,100,0.5,0.046875
100,1.15625,0.03,63,1,1.33e-06,0.8,1e-06,100,0.5,3.94430452610506e-31
100,1.15625,0.03,63,-1,1.33e-06,0.8,1e-06,100,0.5,0.046875
100,1.2,0.03,63,1,1.33e-06,0.8,1e-06,100,0.5,3.94430452610506e-31
100,1.2,0.03,63,-1,1.33e-06,0.8,1e-06,100,0.5,0.046875
100,0.85,0.03,126,1,1.33e-06,0.8,1e-06,100,0.5,3.94430452610506e-31
100,0.85,0.03,126,-1,1.33e-06,0.8,1e-06,100,0.5,0.1875
100,0.89375,0.03,126,1,1.33e-06,0.8,1e-06,100,0.5,3.94430452610506e-31
100,0.89375,0.03,126,-1,1.33e-06,0.8,1e-06,100,0.5,0.1875
100,0.9375,0.03,126,1,1.33e-06,0.8,1e-06,100,0.5,3.94430452610506e-31
100,0.9375,0.03,126,-1,1.33e-06,0.8,1e-06,100,0.5,0.1875
100,0.98125,0.03,126,1,1.33e-06,0.8,1e-06,100,0.5,3.94430452610506e-31
100,0.98125,0.03,126,-1,1.33e-06,0.8,1e-06,100,0.5,0.09375
100,1.025,0.03,126,1,1.33e-06,0.8,1e-06,100,0.5,3.94430452610506e-31
100,1.025,0.03,126,-1,1.33e-06,0.8,1e-06,100,0.5,0.046875
100,1.06875,0.03,126,1,1.33e-06,0.8,1e-06,100,0.5,3.94430452610506e-31
100,1.06875,0.03,126,-1,1.33e-06,0.8,1e-06,100,0.5,0.046875
100,1.1125,0.03,126,1,1.33e-06,0.8,1e-06,100,0.5,3.94430452610506e-31
100,1.1125,0.03,126,-1,1.33e-06,0.8,1e-06,100,0.5,0.046875
100,1.15625,0.03,126,1,1.33e-06,0.8,1e-06,100,0.5,3.94430452610506e-31
100,1.15625,0.03,126,-1,1.33e-06,0.8,1e-06,100,0.5,0.046875
100,1.2,0.03,126,1,1.33e-06,0.8,1e-06,100,0.5,3.94430452610506e-31
100,1.2,0.03,126,-1,1.33e-06,0.8,1e-06,100,0.5,0.046875
100,0.85,0.03,180,1,1.33e-06,0.8,1e-06,100,0.5,3.94430452610506e-31
100,0.85,0.03,180,-1,1.33e-06,0.8,1e-06,100,0.5,0.375
100,0.89375,0.03,180,1,1.33e-06,0.8,1e-06,100,0.5,3.94430452610506e-31
100,0.89375,0.03,180,-1,1.33e-06,0.8,1e-06,100,0.5,0.1875
100,0.9375,0.03,180,1,1.33e-06,0.8,1e-06,100,0.5,3.94430452610506e-31
100,0.9375,0.03,180,-1,1.33e-06,0.8,1e-06,100,0.5,0.1875
100,0.98125,0.03,180,1,1.33e-06,0.8,1e-06,100,0.5,3.94430452610506e-31
100,0.98125,0.03,180,-1,1.33e-06,0.8,1e-06,100,0.5,0.1875
100,1.025,0.03,180,1,1.33e-06,0.8,1e-06,100,0.5,3.94430452610506e-31
100,1.025,0.03,180,-1,1.33e-06,0.8,1e-06,100,0.5,0.046875
100,1.06875,0.03,180,1,1.33e-06,0.8,1e-06,100,0.5,3.94430452610506e-31
100,1.06875,0.03,180,-1,1.33e-06,0.8,1e-06,100,0.5,0.046875
100,1.1125,0.03,180,1,1.33e-06,0.8,1e-06,100,0.5,3.94430452610506e-31
100,1.1125,0.03,180,-1,1.33e-06,0.8,1e-06,100,0.5,0.046875
100,1.15625,0.03,180,1,1.33e-06,0.8,1e-06,100,0.5,3.94430452610506e-31
100,1.15625,0.03,180,-1,1.33e-06,0.8,1e-06,100,0.5,0.046875
100,1.2,0.03,180,1,1.33e-06,0.8,1e-06,100,0.5,3.94430452610506e-31
100,1.2,0.03,180,-1,1.33e-06,0.8,1e-06,100,0.5,0.09375
100,0.85,0.03,252,1,1.33e-06,0.8,1e-06,100,0.5,3.94430452610506e-31
100,0.85,0.03,252,-1,1.33e-06,0.8,1e-06,100,0.5,0.375
100,0.89375,0.03,252,1,1.33e-06,0.8,1e-06,100,0.5,3.94430452610506e-31
100,0.89375,0.03,252,-1,1.33e-06,0.8,1e-06,100,0.5,0.375
100,0.9375,0.03,252,1,1.33e-06,0.8,1e-06,100,0.5,3.94430452610506e-31
100,0.9375,0.03,252,-1,1.33e-06,0.8,1e-06,100,0.5,0.1875
100,0.98125,0.03,252,1,1.33e-06,0.8,1e-06,100,0.5,3.94430452610506e-31
100,0.98125,0.03,252,-1,1.33e-06,0.8,1e-06,100,0.5,0.1875
100,1.025,0.03,252,1,1.33e-06,0.8,1e-06,100,0.5,3.94430452610506e-31
100,1.025,0.03,252,-1,1.33e-06,0.8,1e-06,100,0.5,0.09375
100,1.06875,0.03,252,1,1.33e-06,0.8,1e-06,100,0.5,3.94430452610506e-31
100,1.06875,0.03,252,-1,1.33e-06,0.8,1e-06,100,0.5,0.09375
100,1.1125,0.03,252,1,1.33e-06,0.8,1e-06,100,0.5,3.94430452610506e-31
100,1.1125,0.03,252,-1,1.33e-06,0.8,1e-06,100,0.5,0.09375
100,1.15625,0.03,252,1,1.33e-06,0.8,1e-06,100,0.5,3.94430452610506e-31
100,1.15625,0.03,252,-1,1.33e-06,0.8,1e-06,100,0.5,0.09375
100,1.2,0.03,252,1,1.33e-06,0.8,1e-06,100,0.5,3.94430452610506e-31
100,1.2,0.03,252,-1,1.33e-06,0.8,1e-06,100,0.5,0.09375
100,0.85,0.03,360,1,1.33e-06,0.8,1e-06,100,0.5,3.94430452610506e-31
100,0.85,0.03,360,-1,1.33e-06,0.8,1e-06,100,0.5,0.75
100,0.89375,0.03,360,1,1.33e-06,0.8,1e-06,100,0.5,3.94430452610506e-31
100,0.89375,0.03,360,-1,1.33e-06,0.8,1e-06,100,0.5,0.75
100,0.9375,0.03,360,1,1.33e-06,0.8,1e-06,100,0.5,3.94430452610506e-31
100,0.9375,0.03,360,-1,1.33e-06,0.8,1e-06,100,0.5,0.375
100,0.98125,0.03,360,1,1.33e-06,0.8,1e-06,100,0.5,3.94430452610506e-31
100,0.98125,0.03,360,-1,1.33e-06,0.8,1e-06,100,0.5,0.1875
100,1.025,0.03,360,1,1.33e-06,0.8,1e-06,100,0.5,3.94430452610506e-31
100,1.025,0.03,360,-1,1.33e-06,0.8,1e-06,100,0.5,0.09375
100,1.06875,0.03,360,1,1.33e-06,0.8,1e-06,100,0.5,3.94430452610506e-31
100,1.06875,0.03,360,-1,1.33e-06,0.8,1e-06,100,0.5,0.09375
100,1.1125,0.03,360,1,1.33e-06,0.8,1e-06,100,0.5,3.94430452610506e-31
100,1.1125,0.03,360,-1,1.33e-06,0.8,1e-06,100,0.5,0.09375
100,1.15625,0.03,360,1,1.33e-06,0.8,1e-06,100,0.5,3.94430452610506e-31
100,1.15625,0.03,360,-1,1.33e-06,0.8,1e-06,100,0.5,0.09375
100,1.2,0.03,360,1,1.33e-06,0.8,1e-06,100,0.5,3.94430452610506e-31
100,1.2,0.03,360,-1,1.33e-06,0.8,1e-06,100,0.5,0.09375
100,0.8,0.03,5,1,1.33e-06,0.8,1e-06,100,0.5,0.05352783203125
100,0.8,0.03,5,-1,1.33e-06,0.8,1e-06,100,0.5,0.1875
100,0.84375,0.03,5,1,1.33e-06,0.8,1e-06,100,0.5,0.04595947265625
100,0.84375,0.03,5,-1,1.33e-06,0.8,1e-06,100,0.5,0.1875
100,0.8875,0.03,5,1,1.33e-06,0.8,1e-06,100,0.5,0.0386962890625
100,0.8875,0.03,5,-1,1.33e-06,0.8,1e-06,100,0.5,0.09375
100,0.93125,0.03,5,1,1.33e-06,0.8,1e-06,100,0.5,0.0318603515625
100,0.93125,0.03,5,-1,1.33e-06,0.8,1e-06,100,0.5,0.09375
100,0.975,0.03,5,1,1.33e-06,0.8,1e-06,100,0.5,0.025421142578125
100,0.975,0.03,5,-1,1.33e-06,0.8,1e-06,100,0.5,0.046875
100,1.01875,0.03,5,1,1.33e-06,0.8,1e-06,100,0.5,0.01922607421875
100,1.01875,0.03,5,-1,1.33e-06,0.8,1e-06,100,0.5,0.0078125
100,1.0625,0.03,5,1,1.33e-06,0.8,1e-06,100,0.5,0.012939453125
100,1.0625,0.03,5,-1,1.33e-06,0.8,1e-06,100,0.5,0.0234375
100,1.10625,0.03,5,1,1.33e-06,0.8,1e-06,100,0.5,0.00738525390625
100,1.10625,0.03,5,-1,1.33e-06,0.8,1e-06,100,0.5,0.046875
100,1.15,0.03,5,1,1.33e-06,0.8,1e-06,100,0.5,0.00353050231933594
100,1.15,0.03,5,-1,1.33e-06,0.8,1e-06,100,0.5,0.046875
100,0.8,0.03,10,1,1.33e-06,0.8,1e-06,100,0.5,3.94430452610506e-31
100,0.8,0.03,10,-1,1.33e-06,0.8,1e-06,100,0.5,0.1875
100,0.84375,0.03,10,1,1.33e-06,0.8,1e-06,100,0.5,3.94430452610506e-31
100,0.84375,0.03,10,-1,1.33e-06,0.8,1e-06,100,0.5,0.1875
100,0.8875,0.03,10,1,1.33e-06,0.8,1e-06,100,0.5,3.94430452610506e-31
100,0.8875,0.03,10,-1,1.33e-06,0.8,1e-06,100,0.5,0.09375
100,0.93125,0.03,10,1,1.33e-06,0.8,1e-06,100,0.5,3.94430452610506e-31
100,0.93125,0.03,10,-1,1.33e-06,0.8,1e-06,100,0.5,0.09375
100,0.975,0.03,10,1,1.33e-06,0.8,1e-06,100,0.5,3.94430452610506e-31
100,0.975,0.03,10,-1,1.33e-06,0.8,1e-06,100,0.5,0.09375
100,1.01875,0.03,10,1,1.33e-06,0.8,1e-06,100,0.5,3.94430452610506e-31
100,1.01875,0.03,10,-1,1.33e-06,0.8,1e-06,100,0.5,0.0234375
100,1.0625,0.03,10,1,1.33e-06,0.8,1e-06,100,0.5,3.94430452610506e-31
100,1.0625,0.03,10,-1,1.33e-06,0.8,1e-06,100,0.5,0.0234375
100,1.10625,0.03,10,1,1.33e-06,0.8,1e-06,100,0.5,3.94430452610506e-31
100,1.10625,0.03,10,-1,1.33e-06,0.8,1e-06,100,0.5,0.046875
100,1.15,0.03,10,1,1.33e-06,0.8,1e-06,100,0.5,3.94430452610506e-31
100,1.15,0.03,10,-1,1.33e-06,0.8,1e-06,100,0.5,0.046875
100,0.8,0.03,21,1,1.33e-06,0.8,1e-06,100,0.5,3.94430452610506e-31
100,0.8,0.03,21,-1,1.33e-06,0.8,1e-06,100,0.5,0.1875
100,0.84375,0.03,21,1,1.33e-06,0.8,1e-06,100,0.5,3.94430452610506e-31
100,0.84375,0.03,21,-1,1.33e-06,0.8,1e-06,100,0.5,0.1875
100,0.8875,0.03,21,1,1.33e-06,0.8,1e-06,100,0.5,3.94430452610506e-31
100,0.8875,0.03,21,-1,1.33e-06,0.8,1e-06,100,0.5,0.1875
100,0.93125,0.03,21,1,1.33e-06,0.8,1e-06,100,0.5,3.94430452610506e-31
100,0.93125,0.03,21,-1,1.33e-06,0.8,1e-06,100,0.5,0.09375
100,0.975,0.03,21,1,1.33e-06,0.8,1e-06,100,0.5,3.94430452610506e-31
100,0.975,0.03,21,-1,1.33e-06,0.8,1e-06,100,0.5,0.09375
100,1.01875,0.03,21,1,1.33e-06,0.8,1e-06,100,0.5,3.94430452610506e-31
100,1.01875,0.03,21,-1,1.33e-06,0.8,1e-06,100,0.5,0.0234375
100,1.0625,0.03,21,1,1.33e-06,0.8,1e-06,100,0.5,3.94430452610506e-31
100,1.0625,0.03,21,-1,1.33e-06,0.8,1e-06,100,0.5,0.0234375
100,1.10625,0.03,21,1,1.33e-06,0.8,1e-06,100,0.5,3.94430452610506e-31
100,1.10625,0.03,21,-1,1.33e-06,0.8,1e-06,100,0.5,0.046875
100,1.15,0.03,21,1,1.33e-06,0.8,1e-06,100,0.5,3.94430452610506e-31
100,1.15,0.03,21,-1,1.33e-06,0.8,1e-06,100,0.5,0.046875
100,0.8,0.03,42,1,1.33e-06,0.8,1e-06,100,0.5,3.94430452610506e-31
100,0.8,0.03,42,-1,1.33e-06,0.8,1e-06,100,0.5,0.1875
100,0.84375,0.03,42,1,1.33e-06,0.8,1e-06,100,0.5,3.94430452610506e-31
100,0.84375,0.03,42,-1,1.33e-06,0.8,1e-06,100,0.5,0.1875
100,0.8875,0.03,42,1,1.33e-06,0.8,1e-06,100,0.5,3.94430452610506e-31
100,0.8875,0.03,42,-1,1.33e-06,0.8,1e-06,100,0.5,0.1875
100,0.93125,0.03,42,1,1.33e-06,0.8,1e-06,100,0.5,3.94430452610506e-31
100,0.93125,0.03,42,-1,1.33e-06,0.8,1e-06,100,0.5,0.09375
100,0.975,0.03,42,1,1.33e-06,0.8,1e-06,100,0.5,3.94430452610506e-31
100,0.975,0.03,42,-1,1.33e-06,0.8,1e-06,100,0.5,0.09375
100,1.01875,0.03,42,1,1.33e-06,0.8,1e-06,100,0.5,3.94430452610506e-31
100,1.01875,0.03,42,-1,1.33e-06,0.8,1e-06,100,0.5,0.0234375
100,1.0625,0.03,42,1,1.33e-06,0.8,1e-06,100,0.5,3.94430452610506e-31
100,1.0625,0.03,42,-1,1.33e-06,0.8,1e-06,100,0.5,0.046875
100,1.10625,0.03,42,1,1.33e-06,0.8,1e-06,100,0.5,3.94430452610506e-31
100,1.10625,0.03,42,-1,1.33e-06,0.8,1e-06,100,0.5,0.046875
100,1.15,0.03,42,1,1.33e-06,0.8,1e-06,100,0.5,3.94430452610506e-31
100,1.15,0.03,42,-1,1.33e-06,0.8,1e-06,100,0.5,0.046875
100,0.8,0.03,63,1,1.33e-06,0.8,1e-06,100,0.5,3.94430452610506e-31
100,0.8,0.03,63,-1,1.33e-06,0.8,1e-06,100,0.5,0.1875
100,0.84375,0.03,63,1,1.33e-06,0.8,1e-06,100,0.5,3.94430452610506e-31
100,0.84375,0.03,63,-1,1.33e-06,0.8,1e-06,100,0.5,0.1875
100,0.8875,0.03,63,1,1.33e-06,0.8,1e-06,100,0.5,3.94430452610506e-31
100,0.8875,0.03,63,-1,1.33e-06,0.8,1e-06,100,0.5,0.1875
100,0.93125,0.03,63,1,1.33e-06,0.8,1e-06,100,0.5,3.94430452610506e-31
100,0.93125,0.03,63,-1,1.33e-06,0.8,1e-06,100,0.5,0.1875
100,0.975,0.03,63,1,1.33e-06,0.8,1e-06,100,0.5,3.94430452610506e-31
100,0.975,0.03,63,-1,1.33e-06,0.8,1e-06,100,0.5,0.09375
100,1.01875,0.03,63,1,1.33e-06,0.8,1e-06,100,0.5,3.94430452610506e-31
100,1.01875,0.03,63,-1,1.33e-06,0.8,1e-06,100,0.5,0.046875
100,1.0625,0.03,63,1,1.33e-06,0.8,1e-06,100,0.5,3.94430452610506e-31
100,1.0625,0.03,63,-1,1.33e-06,0.8,1e-06,100,0.5,0.046875
100,1.10625,0.03,63,1,1.33e-06,0.8,1e-06,100,0.5,3.94430452610506e-31
100,1.10625,0.03,63,-1,1.33e-06,0.8,1e-06,100,0.5,0.046875
100,1.15,0.03,63,1,1.33e-06,0.8,1e-06,100,0.5,3.94430452610506e-31
100,1.15,0.03,63,-1,1.33e-06,0.8,1e-06,100,0.5,0.046875
100,0.8,0.03,126,1,1.33e-06,0.8,1e-06,100,0.5,3.94430452610506e-31
100,0.8,0.03,126,-1,1.33e-06,0.8,1e-06,100,0.5,0.375
100,0.84375,0.03,126,1,1.33e-06,0.8,1e-06,100,0.5,3.94430452610506e-31
100,0.84375,0.03,126,-1,1.33e-06,0.8,1e-06,100,0.5,0.1875
100,0.8875,0.03,126,1,1.33e-06,0.8,1e-06,100,0.5,3.94430452610506e-31
100,0.8875,0.03,126,-1,1.33e-06,0.8,1e-06,100,0.5,0.1875
100,0.93125,0.03,126,1,1.33e-06,0.8,1e-06,100,0.5,3.94430452610506e-31
100,0.93125,0.03,126,-1,1.33e-06,0.8,1e-06,100,0.5,0.1875
100,0.975,0.03,126,1,1.33e-06,0.8,1e-06,100,0.5,3.94430452610506e-31
100,0.975,0.03,126,-1,1.33e-06,0.8,1e-06,100,0.5,0.09375
100,1.01875,0.03,126,1,1.33e-06,0.8,1e-06,100,0.5,3.94430452610506e-31
100,1.01875,0.03,126,-1,1.33e-06,0.8,1e-06,100,0.5,0.046875
100,1.0625,0.03,126,1,1.33e-06,0.8,1e-06,100,0.5,3.94430452610506e-31
100,1.0625,0.03,126,-1,1.33e-06,0.8,1e-06,100,0.5,0.046875
100,1.10625,0.03,126,1,1.33e-06,0.8,1e-06,100,0.5,3.94430452610506e-31
100,1.10625,0.03,126,-1,1.33e-06,0.8,1e-06,100,0.5,0.046875
100,1.15,0.03,126,1,1.33e-06,0.8,1e-06,100,0.5,3.94430452610506e-31
100,1.15,0.03,126,-1,1.33e-06,0.8,1e-06,100,0.5,0.046875
100,0.8,0.03,180,1,1.33e-06,0.8,1e-06,100,0.5,3.94430452610506e-31
100,0.8,0.03,180,-1,1.33e-06,0.8,1e-06,100,0.5,0.375
100,0.84375,0.03,180,1,1.33e-06,0.8,1e-06,100,0.5,3.94430452610506e-31
100,0.84375,0.03,180,-1,1.33e-06,0.8,1e-06,100,0.5,0.375
100,0.8875,0.03,180,1,1.33e-06,0.8,1e-06,100,0.5,3.94430452610506e-31
100,0.8875,0.03,180,-1,1.33e-06,0.8,1e-06,100,0.5,0.1875
100,0.93125,0.03,180,1,1.33e-06,0.8,1e-06,100,0.5,3.94430452610506e-31
100,0.93125,0.03,180,-1,1.33e-06,0.8,1e-06,100,0.5,0.1875
100,0.975,0.03,180,1,1.33e-06,0.8,1e-06,100,0.5,3.94430452610506e-31
100,0.975,0.03,180,-1,1.33e-06,0.8,1e-06,100,0.5,0.1875
100,1.01875,0.03,180,1,1.33e-06,0.8,1e-06,100,0.5,3.94430452610506e-31
100,1.01875,0.03,180,-1,1.33e-06,0.8,1e-06,100,0.5,0.046875
100,1.0625,0.03,180,1,1.33e-06,0.8,1e-06,100,0.5,3.94430452610506e-31
100,1.0625,0.03,180,-1,1.33e-06,0.8,1e-06,100,0.5,0.046875
100,1.10625,0.03,180,1,1.33e-06,0.8,1e-06,100,0.5,3.94430452610506e-31
100,1.10625,0.03,180,-1,1.33e-06,0.8,1e-06,100,0.5,0.046875
100,1.15,0.03,180,1,1.33e-06,0.8,1e-06,100,0.5,3.94430452610506e-31
100,1.15,0.03,180,-1,1.33e-06,0.8,1e-06,100,0.5,0.046875
100,0.8,0.03,252,1,1.33e-06,0.8,1e-06,100,0.5,3.94430452610506e-31
100,0.8,0.03,252,-1,1.33e-06,0.8,1e-06,100,0.5,0.75
100,0.84375,0.03,252,1,1.33e-06,0.8,1e-06,100,0.5,3.94430452610506e-31
100,0.84375,0.03,252,-1,1.33e-06,0.8,1e-06,100,0.5,0.375
100,0.8875,0.03,252,1,1.33e-06,0.8,1e-06,100,0.5,3.94430452610506e-31
100,0.8875,0.03,252,-1,1.33e-06,0.8,1e-06,100,0.5,0.375
100,0.93125,0.03,252,1,1.33e-06,0.8,1e-06,100,0.5,3.94430452610506e-31
100,0.93125,0.03,252,-1,1.33e-06,0.8,1e-06,100,0.5,0.1875
100,0.975,0.03,252,1,1.33e-06,0.8,1e-06,100,0.5,3.94430452610506e-31
100,0.975,0.03,252,-1,1.33e-06,0.8,1e-06,100,0.5,0.1875
100,1.01875,0.03,252,1,1.33e-06,0.8,1e-06,100,0.5,3.94430452610506e-31
100,1.01875,0.03,252,-1,1.33e-06,0.8,1e-06,100,0.5,0.09375
100,1.0625,0.03,252,1,1.33e-06,0.8,1e-06,100,0.5,3.94430452610506e-31
100,1.0625,0.03,252,-1,1.33e-06,0.8,1e-06,100,0.5,0.09375
100,1.10625,0.03,252,1,1.33e-06,0.8,1e-06,100,0.5,3.94430452610506e-31
100,1.10625,0.03,252,-1,1.33e-06,0.8,1e-06,100,0.5,0.09375
100,1.15,0.03,252,1,1.33e-06,0.8,1e-06,100,0.5,3.94430452610506e-31
100,1.15,0.03,252,-1,1.33e-06,0.8,1e-06,100,0.5,0.09375
100,0.8,0.03,360,1,1.33e-06,0.8,1e-06,100,0.5,3.94430452610506e-31
100,0.8,0.03,360,-1,1.33e-06,0.8,1e-06,100,0.5,0.75
100,0.84375,0.03,360,1,1.33e-06,0.8,1e-06,100,0.5,3.94430452610506e-31
100,0.84375,0.03,360,-1,1.33e-06,0.8,1e-06,100,0.5,0.75
100,0.8875,0.03,360,1,1.33e-06,0.8,1e-06,100,0.5,3.94430452610506e-31
100,0.8875,0.03,360,-1,1.33e-06,0.8,1e-06,100,0.5,0.75
100,0.93125,0.03,360,1,1.33e-06,0.8,1e-06,100,0.5,3.94430452610506e-31
100,0.93125,0.03,360,-1,1.33e-06,0.8,1e-06,100,0.5,0.375
100,0.975,0.03,360,1,1.33e-06,0.8,1e-06,100,0.5,3.94430452610506e-31
100,0.975,0.03,360,-1,1.33e-06,0.8,1e-06,100,0.5,0.1875
100,1.01875,0.03,360,1,1.33e-06,0.8,1e-06,100,0.5,3.94430452610506e-31
100,1.01875,0.03,360,-1,1.33e-06,0.8,1e-06,100,0.5,0.09375
100,1.0625,0.03,360,1,1.33e-06,0.8,1e-06,100,0.5,3.94430452610506e-31
100,1.0625,0.03,360,-1,1.33e-06,0.8,1e-06,100,0.5,0.09375
100,1.10625,0.03,360,1,1.33e-06,0.8,1e-06,100,0.5,3.94430452610506e-31
100,1.10625,0.03,360,-1,1.33e-06,0.8,1e-06,100,0.5,0.09375
100,1.15,0.03,360,1,1.33e-06,0.8,1e-06,100,0.5,3.94430452610506e-31
100,1.15,0.03,360,-1,1.33e-06,0.8,1e-06,100,0.5,0.09375
