predictions,targets
0.35200995206832886,0.3491324484348297
0.4595220685005188,0.4589318335056305
0.24660786986351013,0.25118303298950195
0.12605205178260803,0.12696942687034607
0.490806519985199,0.48722484707832336
0.24264958500862122,0.24252715706825256
0.4951854944229126,0.4947652816772461
0.8966414332389832,0.9060556888580322
0.6949018239974976,0.6984249949455261
0.4358883500099182,0.43349701166152954
0.18070539832115173,0.18120115995407104
0.13092976808547974,0.13305582106113434
0.5216988921165466,0.5236304402351379
0.3679426312446594,0.36677488684654236
0.06821881979703903,0.07221800833940506
0.568402111530304,0.5664793848991394
0.09287653118371964,0.0900520458817482
0.11104490607976913,0.11256308853626251
0.11000692844390869,0.11118518561124802
0.008743462152779102,0.004852852784097195
0.33705225586891174,0.3380357027053833
0.26664862036705017,0.266885906457901
0.5162076354026794,0.5164417028427124
0.009365282952785492,0.009020689874887466
0.45238783955574036,0.45100298523902893
0.21699081361293793,0.21839675307273865
0.4620652496814728,0.4630891978740692
0.2298446148633957,0.23046457767486572
0.7177107334136963,0.7204951047897339
0.1606600135564804,0.15745919942855835
0.3375359773635864,0.33762627840042114
0.38506707549095154,0.3855117857456207
0.4560825228691101,0.4592047929763794
0.3303060531616211,0.32275015115737915
0.7686033248901367,0.7758868932723999
0.11903884261846542,0.12029510736465454
0.44678616523742676,0.45068278908729553
0.3863620162010193,0.3906402289867401
0.010156282223761082,0.018558422103524208
0.5769137740135193,0.5764396786689758
0.5245720744132996,0.5269846320152283
0.4934881031513214,0.48722484707832336
0.10959792137145996,0.11256308853626251
0.15800781548023224,0.15685291588306427
0.6170709729194641,0.6210417747497559
0.20807865262031555,0.20640240609645844
0.6822167038917542,0.6826066374778748
0.2658979296684265,0.2642219662666321
0.2873680889606476,0.29657256603240967
0.4580666124820709,0.4589318335056305
0.721936047077179,0.7268387079238892
0.12893101572990417,0.1326962560415268
0.11105846613645554,0.11045292764902115
0.11080754548311234,0.11202505230903625
0.4818876087665558,0.4843614399433136
0.39690133929252625,0.39135411381721497
0.09920534491539001,0.0993666872382164
0.3626142144203186,0.36605313420295715
0.007543444633483887,0.00803122203797102
0.19965681433677673,0.19814284145832062
0.38409948348999023,0.3839501440525055
0.3526984751224518,0.35069406032562256
0.23655074834823608,0.2362150400876999
0.5081245303153992,0.5141110420227051
0.38300764560699463,0.3839501440525055
0.38636207580566406,0.3906402289867401
0.09577497839927673,0.09514898806810379
0.45931071043014526,0.4594803750514984
0.23720808327198029,0.23621766269207
0.5110654830932617,0.5113526582717896
0.0953928530216217,0.0900520458817482
0.5223188400268555,0.5207958817481995
0.3964647054672241,0.3988131582736969
0.06854300945997238,0.07179544866085052
0.5563753843307495,0.5522462725639343
0.008608873933553696,0.002569466130807996
0.31698882579803467,0.316025972366333
0.1035141795873642,0.10495967417955399
0.044786494225263596,0.04438168928027153
0.798213005065918,0.799854576587677
0.2421134114265442,0.24252715706825256
0.24723400175571442,0.24824349582195282
0.5292336940765381,0.5355775356292725
0.5286811590194702,0.5341917276382446
0.12304672598838806,0.12361258268356323
0.5197913646697998,0.5207014083862305
0.141144260764122,0.13945193588733673
0.10146740823984146,0.09597048163414001
0.5232129693031311,0.5236304402351379
0.1256728619337082,0.12696942687034607
0.24774867296218872,0.24720153212547302
0.3810037076473236,0.38075605034828186
0.32246077060699463,0.3206058442592621
0.21623389422893524,0.2165910303592682
0.7235518097877502,0.7277652025222778
0.12522219121456146,0.12139218300580978
0.371746301651001,0.3719768226146698
0.37658625841140747,0.3750974237918854
0.5213339328765869,0.5207958817481995
0.26293259859085083,0.2680932283401489
0.6173474788665771,0.6231099963188171
0.3777170777320862,0.37693989276885986
0.09664243459701538,0.09501250833272934
0.23697103559970856,0.2362150400876999
0.585604727268219,0.5867595076560974
0.802677571773529,0.8047468066215515
0.37140753865242004,0.3707931339740753
0.3447421193122864,0.34322187304496765
0.6941808462142944,0.6903517842292786
0.11233656108379364,0.11118518561124802
0.11190656572580338,0.11080987006425858
0.5841529965400696,0.5867595076560974
0.5595565438270569,0.5547422170639038
0.07210487872362137,0.07497644424438477
0.4359774887561798,0.4366334080696106
0.27459320425987244,0.2735234797000885
0.49081769585609436,0.48722484707832336
0.20927530527114868,0.20640240609645844
0.24541254341602325,0.24104951322078705
0.3893855810165405,0.3902806341648102
0.03719688579440117,0.039801791310310364
0.3612353205680847,0.3589300215244293
0.504586935043335,0.5042374134063721
0.23959270119667053,0.23922018706798553
0.05756557732820511,0.054299984127283096
0.24683630466461182,0.24720153212547302
0.26968318223953247,0.2700905203819275
0.2232389897108078,0.22503168880939484
0.4902605414390564,0.48860275745391846
0.7732968330383301,0.777062714099884
0.47876134514808655,0.4763564467430115
0.02181299217045307,0.0319359190762043
0.3821859061717987,0.38075605034828186
0.007813251577317715,0.004094348289072514
0.5213423371315002,0.5207958817481995
0.26410627365112305,0.2642219662666321
0.5019855499267578,0.501935601234436
0.16650427877902985,0.16661374270915985
0.49865415692329407,0.497799277305603
0.008479387499392033,0.003482820698991418
0.3122013211250305,0.30772703886032104
0.2498895227909088,0.2510911822319031
0.24610929191112518,0.2472487837076187
0.12034978717565536,0.12029510736465454
0.1996568739414215,0.19814284145832062
0.6308389902114868,0.6360964179039001
0.35758909583091736,0.3535732328891754
0.09916780889034271,0.09756884723901749
0.24588939547538757,0.24720153212547302
0.5726332664489746,0.576442301273346
0.10600662976503372,0.1060672476887703
0.12650524079799652,0.12696942687034607
0.45939916372299194,0.4594803750514984
0.24732019007205963,0.2472487837076187
0.10709378868341446,0.11747368425130844
0.26289471983909607,0.2642219662666321
0.26451316475868225,0.261888712644577
0.2803168296813965,0.28175678849220276
0.4352070689201355,0.43349701166152954
0.028076067566871643,0.03277315944433212
0.239606112241745,0.23922018706798553
0.3368907868862152,0.3380357027053833
0.4464293122291565,0.4391005039215088
0.21704299747943878,0.21631808578968048
0.4917036294937134,0.48722484707832336
0.7013448476791382,0.6998186707496643
0.057565607130527496,0.054299984127283096
0.5829116702079773,0.5838619470596313
0.09727733582258224,0.0960492193698883
0.2550743818283081,0.25927987694740295
0.10406716912984848,0.10633757710456848
0.2729923129081726,0.2735234797000885
0.2010594755411148,0.19960211217403412
0.2393469363451004,0.23897084593772888
0.713415801525116,0.7191172242164612
0.130323126912117,0.1381501406431198
0.1322951465845108,0.13872754573822021
0.27144870162010193,0.2685525119304657
0.4109969735145569,0.40948209166526794
0.10696829110383987,0.11097259074449539
0.6037257313728333,0.6035489439964294
0.24860157072544098,0.24824349582195282
0.2544271647930145,0.2528548836708069
0.6073180437088013,0.6096747517585754
0.23076342046260834,0.23052231967449188
0.03591352701187134,0.040704648941755295
0.007522685453295708,0.00907580554485321
0.37240615487098694,0.3719768226146698
0.37359583377838135,0.3719768226146698
0.09577571600675583,0.0960492193698883
0.25609681010246277,0.25609099864959717
0.5034289360046387,0.5031560659408569
0.245038703083992,0.24920934438705444
0.021066125482320786,0.030348045751452446
0.7102241516113281,0.7072488069534302
0.22377926111221313,0.22503168880939484
0.5267336964607239,0.5291393995285034
0.5626348853111267,0.5600701570510864
0.1392969787120819,0.14126552641391754
0.21340468525886536,0.21235233545303345
0.3877292275428772,0.3902806341648102
0.23757725954055786,0.2384301871061325
0.2158026099205017,0.21631808578968048
0.4579651355743408,0.4594803750514984
0.26987552642822266,0.2700905203819275
0.6810770630836487,0.6816932559013367
0.10107435286045074,0.10211200267076492
0.23598752915859222,0.2362150400876999
0.09519530087709427,0.09302832186222076
0.26463133096694946,0.2642219662666321
0.2765044867992401,0.2735234797000885
0.3360023498535156,0.3390960395336151
0.007813247852027416,0.004094348289072514
0.24609076976776123,0.24720153212547302
0.5232434272766113,0.5236304402351379
0.3725442886352539,0.3719768226146698
0.11107748746871948,0.1104765459895134
0.009152887389063835,0.01498111616820097
0.23048187792301178,0.23052231967449188
0.09792591631412506,0.09514898806810379
0.41142117977142334,0.40948209166526794
0.3674575388431549,0.3674677908420563
0.41133731603622437,0.40948209166526794
0.5691954493522644,0.5664793848991394
0.015275144018232822,0.030933327972888947
0.11644572019577026,0.11574145406484604
0.43460050225257874,0.43349701166152954
0.23600275814533234,0.2362150400876999
0.14663317799568176,0.14683225750923157
0.22874189913272858,0.23046457767486572
0.10887019336223602,0.11045292764902115
0.12710405886173248,0.1325834095478058
0.2344294637441635,0.23017850518226624
0.5210462212562561,0.5207014083862305
0.2474936842918396,0.25034579634666443
0.38160958886146545,0.38075605034828186
0.3595775365829468,0.3589300215244293
0.27942270040512085,0.28023192286491394
0.36741989850997925,0.36677488684654236
0.104777492582798,0.10633757710456848
0.5659627914428711,0.5682089328765869
0.1706804633140564,0.16988396644592285
0.23036928474903107,0.23052231967449188
0.124305859208107,0.12438945472240448
0.007497996557503939,0.008947201073169708
0.5625990629196167,0.5600701570510864
0.00859719980508089,0.004981457255780697
0.6064223051071167,0.6048376560211182
0.6125187277793884,0.6159002184867859
0.47039052844047546,0.4651179909706116
0.09334311634302139,0.08968722820281982
0.24717792868614197,0.24866868555545807
0.3869099020957947,0.3886665403842926
0.23093704879283905,0.23046457767486572
0.6406477093696594,0.6494082808494568
0.2463616281747818,0.24720153212547302
0.5018647313117981,0.501935601234436
0.3729170560836792,0.3719768226146698
0.2370017170906067,0.2362150400876999
0.5180903077125549,0.5195570588111877
0.274661123752594,0.2735234797000885
0.23706431686878204,0.2378186583518982
0.37148207426071167,0.3707931339740753
0.10006549954414368,0.10208313167095184
0.1047324389219284,0.10495967417955399
0.2394389510154724,0.23897084593772888
0.009415478445589542,0.01752433553338051
0.2156737595796585,0.21631808578968048
0.5260534882545471,0.5291393995285034
0.49869799613952637,0.4987231492996216
0.3865194022655487,0.3855117857456207
0.05228383094072342,0.053764570504426956
0.27410900592803955,0.2750746011734009
0.23922166228294373,0.23897084593772888
0.21914365887641907,0.2164309322834015
0.009729346260428429,0.008839593268930912
0.23122072219848633,0.23150916397571564
0.502630889415741,0.501935601234436
0.2254006564617157,0.22503168880939484
0.3836556077003479,0.3839501440525055
0.23947474360466003,0.23922018706798553
0.45356786251068115,0.45100298523902893
0.2447342723608017,0.24507300555706024
0.5579488277435303,0.5541936755180359
0.2634049952030182,0.2642219662666321
0.4116491377353668,0.40948209166526794
0.23660463094711304,0.2400967925786972
0.3709559142589569,0.3707931339740753
0.38661807775497437,0.3886665403842926
0.23031197488307953,0.23046457767486572
0.2378840297460556,0.2378186583518982
0.3704295754432678,0.3698771297931671
0.12428540736436844,0.12189872562885284
0.1322965919971466,0.13847295939922333
0.558975100517273,0.5547422170639038
0.23261867463588715,0.23263248801231384
0.1102171316742897,0.11097259074449539
0.337317556142807,0.3380357027053833
0.21616972982883453,0.20989835262298584
0.33609843254089355,0.34320613741874695
0.39348819851875305,0.39423587918281555
0.24616369605064392,0.25020667910575867
0.10906252264976501,0.11118518561124802
0.4926608204841614,0.48722484707832336
0.45313993096351624,0.45100298523902893
0.2764524519443512,0.2750746011734009
0.3602173328399658,0.3589300215244293
0.6167802214622498,0.6173017621040344
0.4142186939716339,0.41996991634368896
0.20980991423130035,0.20640240609645844
0.2836419939994812,0.2916908264160156
0.00967942364513874,0.020815562456846237
0.8258265852928162,0.8315123319625854
0.1573602259159088,0.15837517380714417
0.49728062748908997,0.4947652816772461
0.23727867007255554,0.2378186583518982
0.4911808371543884,0.48722484707832336
0.23899947106838226,0.2384301871061325
0.4262370467185974,0.41947388648986816
0.6440879106521606,0.6504765152931213
0.5113916993141174,0.5113526582717896
0.5238886475563049,0.5298900604248047
0.8307874202728271,0.8364334106445312
0.38283389806747437,0.3840367794036865
0.00951425451785326,0.01836157776415348
0.38898634910583496,0.3902806341648102
0.42032504081726074,0.42343175411224365
0.21211464703083038,0.21235233545303345
0.00998017005622387,0.022119980305433273
0.11949188262224197,0.12659673392772675
0.009184586815536022,0.015676630660891533
0.06445962190628052,0.06212911382317543
0.2655797302722931,0.26590168476104736
0.21474802494049072,0.21631808578968048
0.00989578478038311,0.017752675339579582
0.23790483176708221,0.23717562854290009
0.2381896823644638,0.2378186583518982
0.5212261080741882,0.5207958817481995
0.5752712488174438,0.575077474117279
0.11935886740684509,0.12632639706134796
0.11868022382259369,0.11896444112062454
0.44450700283050537,0.4391005039215088
0.1441844403743744,0.14568793773651123
0.1061955988407135,0.10811704397201538
0.44364413619041443,0.4405781328678131
0.3941276967525482,0.39261916279792786
0.10469024628400803,0.10646093636751175
0.21649278700351715,0.21464097499847412
0.06670564413070679,0.0722731277346611
0.7277387380599976,0.7378540635108948
0.21804189682006836,0.21839675307273865
0.2456488162279129,0.2472487837076187
0.6062221527099609,0.6068611741065979
0.3379673361778259,0.33762627840042114
0.10326378792524338,0.10495967417955399
0.35175976157188416,0.3544577360153198
0.12354262173175812,0.12438945472240448
0.47645366191864014,0.47261378169059753
0.38484886288642883,0.3861495554447174
0.12576976418495178,0.11822168529033661
0.5716729760169983,0.5733399987220764
0.6167802214622498,0.6173017621040344
0.25016769766807556,0.25142186880111694
0.01643628068268299,0.027838945388793945
0.5753812193870544,0.576442301273346
0.38673949241638184,0.3886665403842926
0.430873304605484,0.416660338640213
0.009023775346577168,0.0002965778112411499
0.5200517773628235,0.5207958817481995
0.09881584346294403,0.10134037584066391
0.4616432189941406,0.4630891978740692
0.08794380724430084,0.08824370801448822
0.27605754137039185,0.2735234797000885
0.09470700472593307,0.09302832186222076
0.6896542310714722,0.6899108290672302
0.23621511459350586,0.2357504814863205
0.554999828338623,0.5514641404151917
0.46613138914108276,0.46024414896965027
0.7422731518745422,0.7471162676811218
0.33619266748428345,0.332503080368042
0.3673224449157715,0.36677488684654236
0.5007051229476929,0.501935601234436
0.34575629234313965,0.35069406032562256
0.5119113922119141,0.5113526582717896
0.5231499671936035,0.5227800607681274
0.23935453593730927,0.23922018706798553
0.06081463769078255,0.05900586023926735
0.28491657972335815,0.29539936780929565
0.516495406627655,0.5164417028427124
0.513502299785614,0.519352376461029
0.26597556471824646,0.27168363332748413
0.2455112487077713,0.24824349582195282
0.10719817131757736,0.10811704397201538
0.33636757731437683,0.33762627840042114
0.4279026985168457,0.42343175411224365
0.10309837013483047,0.10397020727396011
0.10453525930643082,0.10646093636751175
0.23903609812259674,0.2378186583518982
0.10583619028329849,0.10811704397201538
0.5741537809371948,0.5733399987220764
0.23111005127429962,0.23052231967449188
0.09659536927938461,0.09514898806810379
0.22928524017333984,0.23052231967449188
0.4456774890422821,0.45068278908729553
0.1940069943666458,0.196938157081604
0.41962966322898865,0.410917729139328
0.4232137203216553,0.42209845781326294
0.10726244002580643,0.11575720459222794
0.5246247053146362,0.5269846320152283
0.12115253508090973,0.12189872562885284
0.25006142258644104,0.25142186880111694
0.501467764377594,0.501935601234436
0.6064310073852539,0.6096747517585754
0.5021802186965942,0.501935601234436
0.10108906775712967,0.10841362178325653
0.3654586672782898,0.36449936032295227
0.008475636132061481,0.004451291635632515
0.5014580488204956,0.501935601234436
0.4458516836166382,0.45068278908729553
0.4595937132835388,0.45875075459480286
0.24597430229187012,0.24720153212547302
0.023389525711536407,0.028350738808512688
0.2502329349517822,0.2495374232530594
0.21597667038440704,0.2165910303592682
0.04680144786834717,0.04934477433562279
0.21539339423179626,0.2165910303592682
0.4955279529094696,0.49417737126350403
0.8940917253494263,0.9058719873428345
0.00889772642403841,0.0033673392608761787
0.12861847877502441,0.1326962560415268
0.23861879110336304,0.2384301871061325
0.2498895227909088,0.2510911822319031
0.009663516655564308,0.016679221764206886
0.37220683693885803,0.3716041147708893
0.4356646239757538,0.42828458547592163
0.21777227520942688,0.21839675307273865
0.08206036686897278,0.08826732635498047
0.21248134970664978,0.21235233545303345
0.3336559236049652,0.33167633414268494
0.6038956642150879,0.5982814431190491
0.10200043767690659,0.10211200267076492
0.10974062979221344,0.11118518561124802
0.5018125772476196,0.49631115794181824
0.10418090224266052,0.1057627946138382
0.33893850445747375,0.34074166417121887
0.26377740502357483,0.26227450370788574
0.12039889395236969,0.12189872562885284
0.5880446434020996,0.5903236865997314
0.09896092861890793,0.09371858835220337
0.12441568076610565,0.12438945472240448
0.33691203594207764,0.33762627840042114
0.24417011439800262,0.24507300555706024
0.10862711817026138,0.11045292764902115
0.8659341335296631,0.8682643175125122
0.3841239809989929,0.38402363657951355
0.23512469232082367,0.23423610627651215
0.38548654317855835,0.3861495554447174
0.09543484449386597,0.09514898806810379
0.486158162355423,0.4800833463668823
0.20853810012340546,0.20640240609645844
0.20917966961860657,0.20725801587104797
0.37246808409690857,0.3716041147708893
0.45810002088546753,0.4594803750514984
0.3695886731147766,0.3698771297931671
0.16650433838367462,0.16661374270915985
0.32099318504333496,0.3154905438423157
0.12070772796869278,0.12189872562885284
0.02380962111055851,0.029841501265764236
0.24748030304908752,0.25034579634666443
0.042764659970998764,0.04326361417770386
0.7020478248596191,0.705642580986023
0.2739821672439575,0.2735077142715454
0.5040940642356873,0.5042374134063721
0.23383311927318573,0.23423610627651215
0.00966417696326971,0.023167189210653305
0.5219966769218445,0.5227800607681274
0.5236278772354126,0.5236304402351379
0.23122072219848633,0.23150916397571564
0.5761078596115112,0.576442301273346
0.008715723641216755,0.005708466749638319
0.2326515018939972,0.23052231967449188
0.44478797912597656,0.45068278908729553
0.24813170731067657,0.2505347728729248
0.3801354169845581,0.38075605034828186
0.6406475901603699,0.6494082808494568
0.5275284051895142,0.5291393995285034
0.2448834627866745,0.24507300555706024
0.5235109329223633,0.5227800607681274
0.39262309670448303,0.3908003270626068
0.6883371472358704,0.6899948120117188
0.33316123485565186,0.33167633414268494
0.4977761209011078,0.497799277305603
0.4144417941570282,0.4134793281555176
0.0077210902236402035,0.00399723881855607
0.23591069877147675,0.2354302853345871
0.3703996241092682,0.3698771297931671
0.5812939405441284,0.581103503704071
0.2878379821777344,0.28425800800323486
0.6853162050247192,0.685698390007019
0.8590753674507141,0.8609575033187866
0.4893787205219269,0.48733770847320557
0.23573389649391174,0.2357504814863205
0.45283618569374084,0.45100298523902893
0.3856963515281677,0.3861495554447174
0.11068697273731232,0.11202505230903625
0.23870834708213806,0.23897084593772888
0.5256473422050476,0.5269846320152283
1.0103663206100464,1.014466643333435
0.21601377427577972,0.21631808578968048
0.09575821459293365,0.09501250833272934
0.24585677683353424,0.24720153212547302
0.2380635291337967,0.2378186583518982
0.1142483502626419,0.1193423867225647
0.5266587138175964,0.5291393995285034
0.5054994225502014,0.5031560659408569
0.1208009123802185,0.12564663589000702
0.11183575540781021,0.11256308853626251
0.09666454792022705,0.09514898806810379
0.24643337726593018,0.24866868555545807
0.0077833859249949455,0.0046822549775242805
0.44702276587486267,0.45073002576828003
0.2834210991859436,0.28702956438064575
0.49184587597846985,0.48733770847320557
0.025009918957948685,0.03250807896256447
0.4188539981842041,0.41828495264053345
0.4505103528499603,0.4433470666408539
0.10866918414831161,0.11097259074449539
0.3156042993068695,0.3126271367073059
0.2801266610622406,0.28023192286491394
0.21700043976306915,0.2165910303592682
0.8106110095977783,0.8058176636695862
0.25377652049064636,0.25712770223617554
0.4902258515357971,0.4859597980976105
0.07091717422008514,0.08404962718486786
0.2491353154182434,0.24866868555545807
0.07493907958269119,0.08037258684635162
0.21698155999183655,0.2165910303592682
0.1001061499118805,0.10208313167095184
0.11172012984752655,0.11256308853626251
0.7593250274658203,0.76214200258255
0.2760080099105835,0.2829667329788208
0.47728922963142395,0.4763564467430115
0.09157363325357437,0.08927779644727707
0.366679847240448,0.36677488684654236
0.12265510112047195,0.12029510736465454
0.5747650265693665,0.576442301273346
0.2321418970823288,0.23046457767486572
0.11127616465091705,0.11202505230903625
0.7013448476791382,0.6998186707496643
0.07226578146219254,0.07812069356441498
0.41515910625457764,0.4134793281555176
0.75602126121521,0.76214200258255
0.2393469363451004,0.23897084593772888
0.37263891100883484,0.3716041147708893
0.23700861632823944,0.2357504814863205
0.45914456248283386,0.4552810490131378
0.5002498030662537,0.497799277305603
0.2466854602098465,0.24866868555545807
0.46089890599250793,0.4630891978740692
0.3496863543987274,0.35069406032562256
0.24739830195903778,0.24824349582195282
0.5045010447502136,0.5031560659408569
0.11822499334812164,0.12029510736465454
0.5183134078979492,0.5164417028427124
0.008790507912635803,0.004939463920891285
0.27054116129875183,0.2700905203819275
0.12139912694692612,0.12189872562885284
0.007863132283091545,0.0038082690443843603
0.49842727184295654,0.49671533703804016
0.0621945820748806,0.06864332407712936
0.7560213208198547,0.76214200258255
0.4296650290489197,0.42575713992118835
0.10098607838153839,0.10208313167095184
0.11971995234489441,0.12029510736465454
0.06474567204713821,0.06597675383090973
0.1277732402086258,0.12696942687034607
0.4594554901123047,0.4594803750514984
0.11506249755620956,0.11536089330911636
0.2570587992668152,0.2623348832130432
0.3703533113002777,0.3707931339740753
0.0077210902236402035,0.00399723881855607
0.5263967514038086,0.5291393995285034
0.37208494544029236,0.3716041147708893
0.5605416297912598,0.5547422170639038
0.23627224564552307,0.2357504814863205
0.21552187204360962,0.21631808578968048
0.239485964179039,0.23708640038967133
0.2304329127073288,0.23052231967449188
0.490913063287735,0.48733770847320557
0.23001734912395477,0.23046457767486572
0.3137522339820862,0.31115472316741943
0.10433810949325562,0.1060672476887703
0.4893947243690491,0.48722484707832336
0.12080476433038712,0.12361258268356323
0.4913012981414795,0.48733770847320557
0.4108898937702179,0.40948209166526794
0.09601915627717972,0.09501250833272934
0.4761830270290375,0.4763564467430115
0.10411263257265091,0.1057627946138382
0.37114670872688293,0.3716041147708893
0.2867339849472046,0.2916908264160156
0.4822218120098114,0.4763564467430115
0.12290412932634354,0.1270848959684372
0.49492698907852173,0.49348184466362
0.0972418263554573,0.0960492193698883
0.21243146061897278,0.21235233545303345
0.31375226378440857,0.31115472316741943
0.2194124162197113,0.2151816338300705
0.26557958126068115,0.26590168476104736
0.31869789958000183,0.31494200229644775
0.5639414191246033,0.5600701570510864
0.3342856466770172,0.33167633414268494
0.18248040974140167,0.18462099134922028
0.32816818356513977,0.32275015115737915
0.26813846826553345,0.2642219662666321
0.23914821445941925,0.2384301871061325
0.33981284499168396,0.34074166417121887
0.1005738377571106,0.10208313167095184
0.6127611994743347,0.6274300217628479
0.24572308361530304,0.24972113966941833
0.46292194724082947,0.4630891978740692
0.4818481504917145,0.4763564467430115
0.4132484793663025,0.40948209166526794
0.45797041058540344,0.4589318335056305
0.24805009365081787,0.25034579634666443
0.3852373957633972,0.3839501440525055
0.10694439709186554,0.1093873456120491
0.3829543888568878,0.38075605034828186
0.5690809488296509,0.5733399987220764
0.13658407330513,0.14148598909378052
0.3713090419769287,0.3716041147708893
0.10328977555036545,0.10472871363162994
0.23735171556472778,0.23471902310848236
0.5841530561447144,0.5867595076560974
0.09376417100429535,0.0900520458817482
0.23514637351036072,0.23423610627651215
0.1120445728302002,0.11113268882036209
0.09996488690376282,0.0993666872382164
0.4891930818557739,0.49137169122695923
0.3291916251182556,0.32275015115737915
0.11050880700349808,0.11202505230903625
0.24578475952148438,0.2472487837076187
0.3845968544483185,0.3839501440525055
0.5170494914054871,0.5164417028427124
0.1208009123802185,0.12564663589000702
0.5026426315307617,0.5031560659408569
0.3504628837108612,0.35069406032562256
0.6714761853218079,0.672399640083313
0.5135518908500671,0.519446849822998
0.45923200249671936,0.4594803750514984
0.3390379548072815,0.34074166417121887
0.5114683508872986,0.5113526582717896
0.3601493835449219,0.3588433861732483
0.37165459990501404,0.3719768226146698
0.38848593831062317,0.3886665403842926
0.009392560459673405,0.018421944230794907
0.27305421233177185,0.2735234797000885
0.5613700151443481,0.5558340549468994
0.2872014343738556,0.2916908264160156
0.47533753514289856,0.47093144059181213
0.25526249408721924,0.2564794421195984
0.3312772214412689,0.33486783504486084
0.5374306440353394,0.5418214201927185
0.15524855256080627,0.15186358988285065
0.24641457200050354,0.2472487837076187
0.09539283066987991,0.0900520458817482
0.21189911663532257,0.21235233545303345
0.2702948749065399,0.266885906457901
0.10738243907690048,0.1093873456120491
0.1091148853302002,0.11097259074449539
0.3785928785800934,0.37693989276885986
0.24169573187828064,0.24252715706825256
0.4203000068664551,0.41828495264053345
0.23147298395633698,0.23046457767486572
0.009100714698433876,0.0018450814532116055
0.23808570206165314,0.23897084593772888
0.0926530659198761,0.0900520458817482
0.009135720320045948,0.014513940550386906
0.4259842038154602,0.4253345727920532
0.21660679578781128,0.21839675307273865
0.4991881251335144,0.497799277305603
0.24611546099185944,0.24824349582195282
0.1118592768907547,0.11202505230903625
0.24281029403209686,0.2388474941253662
0.367858350276947,0.3674677908420563
0.2669992744922638,0.266885906457901
0.26696959137916565,0.266885906457901
0.5138099193572998,0.5113526582717896
0.513572633266449,0.5113526582717896
0.2184610366821289,0.21839675307273865
0.010957079939544201,0.015529653988778591
0.4253959059715271,0.42575713992118835
0.45914289355278015,0.4594803750514984
0.10053688287734985,0.10284688323736191
0.1073298528790474,0.1093873456120491
0.24836671352386475,0.25034579634666443
0.639495313167572,0.645014762878418
0.24507218599319458,0.24720153212547302
0.4028102159500122,0.40390485525131226
0.5678254961967468,0.5664793848991394
0.2184610366821289,0.21839675307273865
0.28110069036483765,0.28023192286491394
0.10255897790193558,0.10472871363162994
0.23199643194675446,0.23046457767486572
0.4132094383239746,0.4166078269481659
0.5233383774757385,0.5236304402351379
0.10506641119718552,0.10506728291511536
0.37169989943504333,0.3698771297931671
0.3655726909637451,0.36449936032295227
0.1277519166469574,0.1326962560415268
0.12504605948925018,0.12438945472240448
0.3913523852825165,0.39072421193122864
0.33629071712493896,0.3380357027053833
0.3330591320991516,0.33167633414268494
0.42958638072013855,0.42575713992118835
0.5746592283248901,0.5733399987220764
0.4472592771053314,0.4391005039215088
0.10514083504676819,0.10633757710456848
0.5207287073135376,0.5250293016433716
0.798213005065918,0.799854576587677
0.10515299439430237,0.10020393133163452
0.021946312859654427,0.026400674134492874
0.523247241973877,0.5266723036766052
0.5800645351409912,0.5830273628234863
0.23184789717197418,0.23046457767486572
0.41521716117858887,0.41828495264053345
0.3069847524166107,0.3047507703304291
0.5260534882545471,0.5291393995285034
0.36029452085494995,0.3588433861732483
0.1297692060470581,0.13334715366363525
0.24856916069984436,0.25034579634666443
0.3337571918964386,0.33167633414268494
0.15972065925598145,0.15866650640964508
0.5049107670783997,0.5042374134063721
0.48886457085609436,0.49914830923080444
0.38519522547721863,0.3855117857456207
0.07383546978235245,0.07828079164028168
0.35758912563323975,0.3535732328891754
0.36681950092315674,0.36677488684654236
0.8298585414886475,0.8271974921226501
0.38470548391342163,0.3861495554447174
0.24894370138645172,0.25034579634666443
0.10374096035957336,0.10397020727396011
0.02960357628762722,0.037783488631248474
0.3794744908809662,0.3828950822353363
0.008839386515319347,0.005655975081026554
0.10250084847211838,0.10792019963264465
0.21479322016239166,0.21631808578968048
0.0984978973865509,0.0993666872382164
0.38455191254615784,0.3861495554447174
0.10961475223302841,0.11045292764902115
0.33419498801231384,0.3315713703632355
0.23832517862319946,0.23922018706798553
0.21592329442501068,0.21631808578968048
0.23794284462928772,0.2378186583518982
0.12462140619754791,0.12739722430706024
0.37239664793014526,0.3708036243915558
0.5623838901519775,0.558049201965332
0.05462270975112915,0.05452045053243637
0.3701639473438263,0.3698771297931671
0.8708508610725403,0.8739255666732788
0.42084693908691406,0.4210801124572754
0.12134157121181488,0.12189872562885284
1.0160093307495117,1.0182644128799438
0.2758076786994934,0.2750746011734009
0.0958707183599472,0.09514898806810379
0.5544061660766602,0.5526871681213379
0.37913644313812256,0.37693989276885986
0.10923783481121063,0.11097259074449539
0.4033454358577728,0.4015742242336273
0.5050147771835327,0.504736065864563
0.008467570878565311,0.0025038516614586115
0.5207185745239258,0.5207014083862305
0.3662892282009125,0.36677488684654236
0.02637394331395626,0.032605186104774475
0.3953819274902344,0.4053247570991516
0.09538792818784714,0.09501250833272934
0.3600197732448578,0.3588433861732483
0.5581865310668945,0.5547422170639038
0.062326762825250626,0.0690028965473175
0.7229768633842468,0.7295892834663391
0.017388571053743362,0.022516291588544846
0.685316264629364,0.685698390007019
0.07050185650587082,0.0731234923005104
0.4020485281944275,0.4024849534034729
0.2080276906490326,0.20640240609645844
0.14657610654830933,0.15001849830150604
0.35864144563674927,0.3573814928531647
0.572441041469574,0.553506076335907
0.37474170327186584,0.3738192617893219
0.6272855997085571,0.6329101920127869
0.2387819141149521,0.2384301871061325
0.1064167320728302,0.10633757710456848
0.3375360071659088,0.3380357027053833
0.3850719630718231,0.38402363657951355
0.5267675518989563,0.5291393995285034
0.4348401129245758,0.43349701166152954
0.3694269359111786,0.3698771297931671
0.3877057135105133,0.3902806341648102
0.008922025561332703,0.006199263501912355
0.09881584346294403,0.10134037584066391
0.007652489468455315,0.00518355006352067
0.49908268451690674,0.497799277305603
0.5639922618865967,0.5600701570510864
0.5676763653755188,0.5664793848991394
0.1047324612736702,0.10495967417955399
0.36904069781303406,0.3664966821670532
0.7732968330383301,0.777062714099884
0.5598408579826355,0.5547422170639038
0.2472875565290451,0.24824349582195282
0.28078174591064453,0.28023192286491394
0.4797047972679138,0.4759128987789154
0.576422929763794,0.5867595076560974
0.5042412281036377,0.5042374134063721
0.0100781861692667,0.019093837589025497
0.007461851462721825,0.008566636592149734
0.10493795573711395,0.10646093636751175
0.38137975335121155,0.38075605034828186
0.05187152326107025,0.0513342060148716
0.10347437113523483,0.1060672476887703
0.2390032708644867,0.23922018706798553
0.5256063342094421,0.5291393995285034
0.7054838538169861,0.7080677151679993
0.3306039273738861,0.32275015115737915
0.10179314017295837,0.10208313167095184
0.27459320425987244,0.2735234797000885
0.20980653166770935,0.20640240609645844
0.45295247435569763,0.45100298523902893
1.0160093307495117,1.0182644128799438
0.12273207306861877,0.12361258268356323
0.11867731809616089,0.11716397851705551
0.11371169239282608,0.11572833359241486
0.27616947889328003,0.2735234797000885
0.27470800280570984,0.2750746011734009
0.2424258440732956,0.24252715706825256
0.3862161338329315,0.3861495554447174
0.008260970003902912,0.002558967797085643
0.21629709005355835,0.21839675307273865
0.31869786977767944,0.31494200229644775
0.2671493589878082,0.266885906457901
0.49925413727760315,0.49813786149024963
0.09543664008378983,0.09501250833272934
0.4095544219017029,0.40948209166526794
0.5143382549285889,0.5113526582717896
0.3834889531135559,0.3839501440525055
0.3775356411933899,0.37693989276885986
0.5760056972503662,0.576442301273346
0.11166076362133026,0.11045292764902115
0.2583763599395752,0.26178109645843506
0.17210271954536438,0.1687842607498169
0.10366728901863098,0.10397020727396011
0.34885531663894653,0.35069406032562256
0.21531574428081512,0.2165910303592682
0.5632553100585938,0.5600701570510864
0.5679597854614258,0.5664793848991394
0.44520702958106995,0.4391005039215088
0.06713330745697021,0.0728006660938263
0.5647911429405212,0.5600701570510864
0.39690136909484863,0.39135411381721497
0.11214964091777802,0.10828501731157303
0.3218720257282257,0.32175806164741516
0.2460116744041443,0.24720153212547302
0.28645727038383484,0.2930372357368469
0.10544530302286148,0.10646093636751175
0.3173118829727173,0.3105432093143463
0.10407841205596924,0.10472871363162994
0.11647722870111465,0.11896444112062454
0.23668287694454193,0.2362150400876999
0.3715410828590393,0.3719768226146698
0.20611567795276642,0.20648114383220673
0.4540118873119354,0.45100298523902893
0.21486042439937592,0.2165910303592682
0.10368552803993225,0.1060672476887703
0.2385082095861435,0.2384301871061325
0.10298389196395874,0.10397020727396011
0.5959843397140503,0.5980058312416077
0.11430072039365768,0.111424021422863
0.08011230081319809,0.08397351205348969
0.25472116470336914,0.25599390268325806
0.2425401359796524,0.24252715706825256
0.12290406972169876,0.1270848959684372
0.5041599869728088,0.5031560659408569
0.1878032088279724,0.1826210618019104
0.23947468400001526,0.23922018706798553
0.4995719790458679,0.4987231492996216
0.23001396656036377,0.23046457767486572
0.2706182897090912,0.266885906457901
0.02171287126839161,0.02620120532810688
0.4280512034893036,0.42575713992118835
0.008512688800692558,0.006498465780168772
0.2677876055240631,0.266885906457901
0.007461851462721825,0.008566636592149734
0.5033676624298096,0.5031560659408569
0.24532394111156464,0.24252715706825256
0.3860659897327423,0.3886665403842926
0.2424478828907013,0.24116237461566925
0.8808650374412537,0.8885576128959656
0.23547567427158356,0.2357504814863205
0.1037759929895401,0.10495967417955399
0.2747810184955597,0.2700905203819275
0.23021343350410461,0.23007088899612427
0.9316126704216003,0.9377449154853821
0.13507448136806488,0.13988237082958221
0.2092708945274353,0.20640240609645844
0.43328359723091125,0.439213365316391
0.2673482894897461,0.2645920217037201
0.38631317019462585,0.39056673645973206
0.38663071393966675,0.3886665403842926
0.7422732710838318,0.7471162676811218
0.6081295609474182,0.6096747517585754
0.5253041386604309,0.5269846320152283
0.24614310264587402,0.2472487837076187
0.3711841106414795,0.3716041147708893
0.1203426793217659,0.12609542906284332
0.384397029876709,0.3839501440525055
0.009345754981040955,0.019319551065564156
0.5125823020935059,0.5186673402786255
0.44501593708992004,0.4391005039215088
0.0706062912940979,0.07531239092350006
0.007522692903876305,0.00907580554485321
0.2849937975406647,0.28701382875442505
0.5678254961967468,0.5664793848991394
0.03139887750148773,0.030516019091010094
0.008519728668034077,0.005579862277954817
0.38370323181152344,0.38402363657951355
0.5745700001716614,0.576442301273346
0.5042990446090698,0.504736065864563
0.5938745141029358,0.6035096049308777
0.38468557596206665,0.3861495554447174
0.45255735516548157,0.45100298523902893
1.0044794082641602,1.0032150745391846
0.10385946184396744,0.1057627946138382
0.10188011825084686,0.10208313167095184
0.10784110426902771,0.11045292764902115
0.5858399271965027,0.5867595076560974
0.41601425409317017,0.4134793281555176
0.5225626826286316,0.5227800607681274
0.12689684331417084,0.12696942687034607
0.5261818766593933,0.5291393995285034
0.38336318731307983,0.3839501440525055
0.23507969081401825,0.23423610627651215
0.20909211039543152,0.20640240609645844
0.4998341202735901,0.4987231492996216
0.32828840613365173,0.32275015115737915
0.22281545400619507,0.22503168880939484
0.09681280702352524,0.0960492193698883
0.43627679347991943,0.43349701166152954
0.4365066885948181,0.43349701166152954
0.4092181622982025,0.3979969322681427
0.2468874156475067,0.2472487837076187
0.5174456238746643,0.5164417028427124
0.2869246006011963,0.2916908264160156
0.8590753674507141,0.8609575033187866
0.49929481744766235,0.4987231492996216
0.43613114953041077,0.43349701166152954
0.38454490900039673,0.38402363657951355
0.2004040777683258,0.2018435001373291
0.11004793643951416,0.11097259074449539
0.2894994616508484,0.2916908264160156
0.42338457703590393,0.42343175411224365
0.43495598435401917,0.4334550201892853
0.14001482725143433,0.14296625554561615
0.10883074253797531,0.11045292764902115
0.25265687704086304,0.25605425238609314
0.12265517562627792,0.12029510736465454
0.009456638246774673,0.0007978730136528611
0.10242859274148941,0.10397020727396011
0.3676016628742218,0.36677488684654236
0.14004264771938324,0.14404232800006866
0.2867250442504883,0.2916908264160156
0.37265533208847046,0.3719768226146698
0.12428535521030426,0.12189872562885284
0.3843585252761841,0.3855117857456207
0.1059129610657692,0.10811704397201538
0.11177577823400497,0.11885946244001389
0.24932822585105896,0.24866868555545807
0.1406143605709076,0.14695824682712555
0.21711944043636322,0.21839675307273865
0.3396167457103729,0.3345423936843872
0.3794744610786438,0.3828950822353363
0.23908205330371857,0.23897084593772888
0.3605262041091919,0.3589300215244293
0.3337406516075134,0.33167633414268494
0.5745542049407959,0.576442301273346
0.5223903059959412,0.5227800607681274
0.20852482318878174,0.20640240609645844
0.702588677406311,0.694902777671814
0.6846362948417664,0.689070999622345
0.3375784754753113,0.33762627840042114
0.12883155047893524,0.12797200679779053
0.007571609690785408,0.006398731842637062
0.009022537618875504,0.002753186970949173
0.007468149997293949,0.007238598074764013
0.3612418472766876,0.3588433861732483
0.03231257200241089,0.03724544867873192
0.5271503329277039,0.5291393995285034
0.31000185012817383,0.3093700110912323
0.0077898032031953335,0.004684879444539547
0.1575450450181961,0.15298165380954742
0.5130573511123657,0.5113526582717896
0.2524436116218567,0.2575371563434601
0.5974946022033691,0.5994834899902344
0.24943043291568756,0.25142186880111694
0.36557498574256897,0.36449936032295227
0.2640903890132904,0.2642219662666321
0.2394612431526184,0.23922018706798553
0.24526843428611755,0.24720153212547302
0.4592497646808624,0.4589318335056305
0.3492509126663208,0.35069406032562256
0.27926167845726013,0.28023192286491394
0.36837905645370483,0.3674677908420563
0.38526588678359985,0.3855117857456207
0.721936047077179,0.7268387079238892
0.5040940046310425,0.5042374134063721
0.33783501386642456,0.3380357027053833
0.368745356798172,0.3674677908420563
0.427936315536499,0.42575713992118835
0.37114667892456055,0.3716041147708893
0.3879290223121643,0.3902806341648102
0.13931097090244293,0.1515853852033615
0.3878881335258484,0.3886665403842926
0.2342076599597931,0.23423610627651215
0.11472556740045547,0.11486484855413437
0.6336188912391663,0.6438599228858948
0.06549547612667084,0.07901567965745926
0.010603099130094051,0.014398458413779736
0.5059335827827454,0.5042374134063721
0.007789806928485632,0.004684879444539547
0.561347246170044,0.5547422170639038
0.287584125995636,0.2916908264160156
0.46203145384788513,0.4630891978740692
0.6093478202819824,0.6096747517585754
0.3659310042858124,0.36449936032295227
0.42722687125205994,0.42575713992118835
0.5138715505599976,0.5113526582717896
0.4610881507396698,0.4630891978740692
0.008154617622494698,0.002464482793584466
0.37120288610458374,0.3698771297931671
0.5226211547851562,0.5236304402351379
0.10110311955213547,0.10208313167095184
0.01042937207967043,0.019141079857945442
0.36770474910736084,0.3674677908420563
0.10822778940200806,0.11118518561124802
0.3698025643825531,0.3698771297931671
0.432255357503891,0.43006405234336853
0.1393110454082489,0.1515853852033615
0.43580883741378784,0.4409114718437195
0.4189249575138092,0.41828495264053345
0.49972206354141235,0.49910369515419006
0.3877057135105133,0.3902806341648102
0.7054837346076965,0.7080677151679993
0.7391601204872131,0.744651734828949
0.5878760814666748,0.5867595076560974
0.10327620804309845,0.1057627946138382
0.934073269367218,0.9392383098602295
0.36530154943466187,0.3630427420139313
0.008736641146242619,0.001679732697084546
0.5895994305610657,0.5882869958877563
0.5208917260169983,0.5207014083862305
0.5742856860160828,0.5671748518943787
0.3331008851528168,0.33475497364997864
0.10298317670822144,0.09780768305063248
0.009309947490692139,0.018826128914952278
0.5213339328765869,0.5207958817481995
0.23697371780872345,0.23872938752174377
0.12309145927429199,0.12361258268356323
0.1355298012495041,0.13329729437828064
0.13276179134845734,0.13366210460662842
0.42540058493614197,0.42343175411224365
0.2750730812549591,0.2750746011734009
0.49820926785469055,0.4947652816772461
0.12689684331417084,0.12696942687034607
0.11136550456285477,0.11490421742200851
0.3810260593891144,0.3775409162044525
0.09366687387228012,0.0900520458817482
0.5730810761451721,0.5733399987220764
0.23627224564552307,0.2357504814863205
0.008260966278612614,0.002558967797085643
0.10113045573234558,0.10211200267076492
0.8659341335296631,0.8682643175125122
0.5209036469459534,0.5207958817481995
0.10633877664804459,0.10811704397201538
0.22153343260288239,0.22181132435798645
0.12854090332984924,0.1326962560415268
0.36024415493011475,0.3589300215244293
0.38953644037246704,0.39067959785461426
0.36751964688301086,0.3674677908420563
0.4028102159500122,0.40390485525131226
0.239203542470932,0.2384301871061325
0.427405446767807,0.42343175411224365
0.13918310403823853,0.14408694207668304
0.09855402261018753,0.0960492193698883
0.5036786794662476,0.5031560659408569
0.23435445129871368,0.23423610627651215
0.5261428356170654,0.5291393995285034
0.432488352060318,0.4304157495498657
0.11792030185461044,0.11896444112062454
0.5723592042922974,0.576442301273346
0.5127072334289551,0.5179350972175598
0.49782395362854004,0.497429221868515
0.6173474788665771,0.6231099963188171
0.32578209042549133,0.32275015115737915
0.008787507191300392,0.0015590019756928086
0.37104684114456177,0.3698771297931671
0.10897456109523773,0.1104765459895134
0.008622905239462852,0.005823948420584202
0.48847663402557373,0.48722484707832336
0.5135518908500671,0.519446849822998
0.4194498658180237,0.41828495264053345
0.3847867548465729,0.38402363657951355
0.17602446675300598,0.17921960353851318
0.24949699640274048,0.25034579634666443
0.43580883741378784,0.4409114718437195
0.5808222889900208,0.5867595076560974
0.3717595338821411,0.3716041147708893
0.1259043961763382,0.12696942687034607
0.10464899986982346,0.10646093636751175
0.13092973828315735,0.13305582106113434
0.009060205891728401,0.013981150463223457
0.1721636950969696,0.17375785112380981
0.5715844035148621,0.5733399987220764
0.3323495090007782,0.33167633414268494
0.28110069036483765,0.28023192286491394
0.3756227493286133,0.365869402885437
0.064182348549366,0.06700821220874786
0.21686439216136932,0.21584565937519073
0.3171199858188629,0.3162674307823181
0.5586110949516296,0.5547422170639038
0.10867840051651001,0.11045292764902115
0.10923033207654953,0.11045292764902115
0.371804803609848,0.3707931339740753
0.27001893520355225,0.2700905203819275
0.43328359723091125,0.439213365316391
0.38551318645477295,0.3855117857456207
0.3964647054672241,0.3988131582736969
0.4974311888217926,0.497799277305603
0.2388475090265274,0.2378186583518982
0.36925819516181946,0.3698771297931671
0.527317225933075,0.5291393995285034
0.45841163396835327,0.4589318335056305
0.009509108029305935,7.086372352205217e-05
0.10452519357204437,0.10633757710456848
0.0981728807091713,0.0993666872382164
0.1047816202044487,0.1060672476887703
0.4999334216117859,0.4987231492996216
0.5230228900909424,0.5227800607681274
0.11176945269107819,0.1104765459895134
0.10478083789348602,0.1060672476887703
0.5604286789894104,0.5547422170639038
0.09654413163661957,0.09514898806810379
0.7254212498664856,0.7293058037757874
0.10769739001989365,0.10811704397201538
0.07493903487920761,0.08037258684635162
0.04952644184231758,0.051544174551963806
0.018168538808822632,0.028909774497151375
0.5039332509040833,0.504736065864563
0.1110716164112091,0.11256308853626251
0.6021973490715027,0.6096747517585754
0.3710498511791229,0.3707931339740753
0.008154423907399178,0.0029185356106609106
0.5747161507606506,0.576442301273346
0.5054652094841003,0.5042374134063721
0.008154617622494698,0.002464482793584466
0.36877748370170593,0.3674677908420563
0.6885021924972534,0.688805878162384
0.009985849261283875,0.0236474871635437
0.24662648141384125,0.24824349582195282
0.12233248353004456,0.13004542887210846
0.007737578358501196,0.003942122682929039
0.09385009855031967,0.0900520458817482
0.3878406882286072,0.3902806341648102
0.2709992229938507,0.2700905203819275
0.1187843531370163,0.12544453144073486
0.09588722139596939,0.09302832186222076
0.3720361888408661,0.3716041147708893
0.0388331338763237,0.04107733815908432
0.01162495743483305,0.016744835302233696
0.2091328203678131,0.20640240609645844
0.37063899636268616,0.3707931339740753
0.7117390036582947,0.7138444185256958
0.10980492830276489,0.11097259074449539
0.8205355405807495,0.8258143663406372
0.38557884097099304,0.38402363657951355
0.2740735113620758,0.2735234797000885
0.21184749901294708,0.20948104560375214
0.2823645770549774,0.27981460094451904
0.8940917253494263,0.9058719873428345
0.5110673904418945,0.5113526582717896
0.37313923239707947,0.3716041147708893
0.008811352774500847,0.004301690496504307
0.013192670419812202,0.017610948532819748
0.5036793947219849,0.501935601234436
0.24002309143543243,0.23897084593772888
0.8808650374412537,0.8885576128959656
0.7173428535461426,0.7186972498893738
0.03848978132009506,0.04178072512149811
0.2677140235900879,0.26232439279556274
0.10925096273422241,0.11202505230903625
0.10355490446090698,0.10397020727396011
0.25070399045944214,0.24866868555545807
0.10544520616531372,0.10646093636751175
0.2740975618362427,0.27957314252853394
0.10447100549936295,0.1057627946138382
0.10173321515321732,0.10211200267076492
0.21065017580986023,0.21354913711547852
0.2783604562282562,0.28023192286491394
0.38940566778182983,0.3902806341648102
0.258429616689682,0.2618309557437897
0.566608726978302,0.5664793848991394
0.35941198468208313,0.3661292493343353
0.4045802652835846,0.4070254862308502
0.4462776184082031,0.45068278908729553
0.2465597689151764,0.24824349582195282
0.5234994888305664,0.5236304402351379
0.44632816314697266,0.4391005039215088
0.11848627030849457,0.12189872562885284
0.12240339070558548,0.12438945472240448
0.10655475407838821,0.1093873456120491
0.013822406530380249,0.01913583092391491
0.18587563931941986,0.18944235146045685
0.8662819266319275,0.8706527352333069
0.5066474676132202,0.504736065864563
0.557435154914856,0.5562067627906799
0.11054617911577225,0.1093873456120491
0.09418253600597382,0.0900520458817482
0.37036919593811035,0.3707931339740753
0.23126418888568878,0.23052231967449188
0.11284189671278,0.11256308853626251
0.733835756778717,0.7395941615104675
0.5203877687454224,0.5207014083862305
0.5211326479911804,0.5207014083862305
0.2771700620651245,0.2750746011734009
0.21233634650707245,0.21235233545303345
0.3680867850780487,0.36677488684654236
0.21709278225898743,0.21631808578968048
0.34951895475387573,0.35069406032562256
0.332614928483963,0.33167633414268494
0.6404790282249451,0.6463873982429504
0.23874270915985107,0.2409314066171646
0.12253103405237198,0.12438945472240448
0.4994741380214691,0.4987231492996216
0.8341278433799744,0.8386354446411133
0.239606112241745,0.23922018706798553
0.6055970191955566,0.6096747517585754
0.4365323781967163,0.43349701166152954
0.00923581700772047,0.01776842214167118
0.3735041916370392,0.3713337779045105
0.3820297420024872,0.38075605034828186
0.6126651167869568,0.6170209646224976
0.3872580826282501,0.3861495554447174
0.14053431153297424,0.14560920000076294
0.37192609906196594,0.3716041147708893
0.24841353297233582,0.25034579634666443
0.24444274604320526,0.24507300555706024
0.6161889433860779,0.619900107383728
0.40204861760139465,0.4024849534034729
0.6367037892341614,0.6428678035736084
0.1007465273141861,0.10208313167095184
0.5586137771606445,0.5547422170639038
0.21001246571540833,0.20640240609645844
0.10320013016462326,0.10495967417955399
0.12365613877773285,0.12361258268356323
0.4527498483657837,0.45100298523902893
0.3682762086391449,0.36677488684654236
0.31744033098220825,0.3116665184497833
0.4352739155292511,0.43349701166152954
0.2463476061820984,0.24866868555545807
0.4968627393245697,0.4947652816772461
0.3777845501899719,0.37693989276885986
0.34776943922042847,0.345408171415329
0.4308910667896271,0.42710354924201965
0.5207972526550293,0.5207014083862305
0.3677581250667572,0.3674677908420563
0.11260049790143967,0.11097259074449539
0.5830420851707458,0.5852503776550293
0.11611579358577728,0.11552099138498306
0.49782395362854004,0.497429221868515
0.09857367724180222,0.08922529965639114
0.4594776928424835,0.4589318335056305
0.06385530531406403,0.06535472720861435
0.11966419965028763,0.11896444112062454
0.3722372353076935,0.3719768226146698
0.21589170396327972,0.21631808578968048
0.040702175348997116,0.04022959992289543
0.4996406137943268,0.4987231492996216
0.008531719446182251,0.005802951753139496
0.15460680425167084,0.15752218663692474
0.5659627914428711,0.5682089328765869
0.47780147194862366,0.4725770652294159
0.12232872098684311,0.12438945472240448
0.43627089262008667,0.43349701166152954
0.574483335018158,0.574148416519165
0.27678409218788147,0.28702956438064575
0.5062204599380493,0.504736065864563
0.476737916469574,0.4739916920661926
0.554086446762085,0.5512567758560181
0.2160147875547409,0.21370136737823486
0.42057523131370544,0.41828495264053345
0.4922410845756531,0.48722484707832336
0.1037759929895401,0.10495967417955399
0.4608433246612549,0.4630891978740692
0.11692832410335541,0.1064530611038208
0.2125157117843628,0.21127362549304962
0.09657816588878632,0.09501250833272934
0.24764041602611542,0.24849021434783936
0.10814808309078217,0.1104765459895134
0.5065110921859741,0.5093107223510742
0.5159744024276733,0.5204861760139465
0.11999580264091492,0.12029510736465454
0.12834054231643677,0.13299809396266937
0.33336782455444336,0.33167633414268494
0.20716418325901031,0.20453369617462158
0.5213807225227356,0.5207014083862305
0.37658625841140747,0.3750974237918854
0.2468874156475067,0.2472487837076187
0.007971375249326229,0.0033332195598632097
0.49617907404899597,0.4947652816772461
0.8174264430999756,0.8230007886886597
0.10926155000925064,0.1093873456120491
0.5939086079597473,0.5944468975067139
0.3457562327384949,0.35069406032562256
0.6083614826202393,0.6096747517585754
0.43934983015060425,0.43470433354377747
0.5175036787986755,0.5164417028427124
0.6061819195747375,0.6096747517585754
0.5206973552703857,0.5207958817481995
0.008736641146242619,0.001679732697084546
0.5127429366111755,0.5113526582717896
0.2544271647930145,0.2528548836708069
0.3677581250667572,0.3674677908420563
0.28017839789390564,0.28023192286491394
0.4995979964733124,0.4987231492996216
0.11483810842037201,0.11194631457328796
0.3717135488986969,0.3694152235984802
0.3648430407047272,0.36449936032295227
0.06343340128660202,0.06859083473682404
0.3937840759754181,0.39251941442489624
0.1007251888513565,0.10211200267076492
0.1026686355471611,0.09671060740947723
0.3278641402721405,0.32275015115737915
0.3234315812587738,0.3227422833442688
0.10491953045129776,0.1060672476887703
0.10382291674613953,0.10472871363162994
0.4759731590747833,0.4717293083667755
0.3822837471961975,0.38075605034828186
0.2230478674173355,0.22503168880939484
0.5636335611343384,0.5600701570510864
0.4591849744319916,0.4594803750514984
0.3657025992870331,0.36677488684654236
0.46315643191337585,0.46073755621910095
0.1163192093372345,0.12029510736465454
0.10765939205884933,0.1093873456120491
0.7333008050918579,0.7398619055747986
0.10163431614637375,0.10397020727396011
0.3605472147464752,0.3589300215244293
0.9293603301048279,0.9360153079032898
0.4453180134296417,0.4391005039215088
0.10452526807785034,0.10633757710456848
0.5247588157653809,0.5269846320152283
0.23126478493213654,0.2306036800146103
0.7229768633842468,0.7295892834663391
0.37082695960998535,0.3707931339740753
0.50315922498703,0.5031560659408569
0.21474935114383698,0.21631808578968048
0.23014454543590546,0.22906304895877838
0.6362497210502625,0.6446184515953064
0.27803292870521545,0.28023192286491394
0.46043235063552856,0.4589318335056305
0.523071825504303,0.5227800607681274
0.331964910030365,0.33167633414268494
0.10781139880418777,0.1093873456120491
0.5261218547821045,0.5269846320152283
0.008575177751481533,0.004818733315914869
0.383245050907135,0.38402363657951355
0.554999828338623,0.5514641404151917
0.359920471906662,0.3588433861732483
0.4001633822917938,0.4000650942325592
0.486158162355423,0.4800833463668823
0.28540611267089844,0.2916908264160156
0.29010164737701416,0.2897827625274658
0.1219070553779602,0.12153390794992447
0.9825045466423035,0.9703343510627747
0.5230491757392883,0.5236304402351379
0.10623552650213242,0.10811704397201538
0.3226558268070221,0.3174799680709839
0.33791789412498474,0.3380357027053833
0.22330430150032043,0.22503168880939484
0.17446674406528473,0.17312532663345337
0.3609468340873718,0.3617435693740845
0.4291299879550934,0.42343175411224365
0.10903018712997437,0.1104765459895134
0.38503021001815796,0.3839501440525055
0.2383766621351242,0.2378186583518982
0.32570821046829224,0.3209942877292633
0.23869688808918,0.2427108734846115
0.06821876764297485,0.07221800833940506
0.5229382514953613,0.5236304402351379
0.2853161096572876,0.29419732093811035
0.3285626471042633,0.3249416649341583
0.33293846249580383,0.33167633414268494
0.2739815413951874,0.2700905203819275
0.3843585252761841,0.3855117857456207
0.10304924100637436,0.10397020727396011
0.4154245853424072,0.4134793281555176
0.5693347454071045,0.5689438581466675
0.028254130855202675,0.027642101049423218
0.4439811706542969,0.4391005039215088
0.3879881203174591,0.3902806341648102
0.35902607440948486,0.3589300215244293
0.47533759474754333,0.47093144059181213
0.2751616835594177,0.2750746011734009
0.38553091883659363,0.3861495554447174
0.5672717690467834,0.5664793848991394
0.5177932977676392,0.5164417028427124
0.5180903077125549,0.5195570588111877
0.5692403316497803,0.5725841522216797
0.5050236582756042,0.504736065864563
0.36094677448272705,0.3617435693740845
0.10465117543935776,0.1057627946138382
0.24845802783966064,0.2564820647239685
0.024660903960466385,0.02617233619093895
0.32793423533439636,0.32275015115737915
0.2388131022453308,0.23922018706798553
0.23852401971817017,0.2384301871061325
0.12120146304368973,0.12361258268356323
0.01083342730998993,0.016592610627412796
0.15374140441417694,0.1557374745607376
0.23014454543590546,0.22906304895877838
0.38170525431632996,0.38075605034828186
0.36443623900413513,0.36449936032295227
0.44741714000701904,0.4391005039215088
0.009107192046940327,0.0018030881183221936
0.38588669896125793,0.3886665403842926
0.41715216636657715,0.4134793281555176
0.23653025925159454,0.2357504814863205
0.3377692401409149,0.3380357027053833
0.1938600093126297,0.19582796096801758
0.4614366888999939,0.4573807120323181
0.10251650959253311,0.0986134335398674
0.11547979712486267,0.11946049332618713
0.6267101764678955,0.6322618722915649
0.5679597854614258,0.5664793848991394
0.3837032616138458,0.38402363657951355
0.1142483502626419,0.1193423867225647
0.2370016723871231,0.2362150400876999
0.11016277968883514,0.11045292764902115
0.3913523554801941,0.39072421193122864
0.11649620532989502,0.12279108911752701
0.06811892241239548,0.06979814171791077
0.2793680727481842,0.28023192286491394
0.44553592801094055,0.4391005039215088
0.3499906063079834,0.35069406032562256
0.09928568452596664,0.0993666872382164
0.5020936727523804,0.501935601234436
0.8604545593261719,0.8627054691314697
0.1231323778629303,0.12438945472240448
0.25181370973587036,0.2497815042734146
0.07146992534399033,0.08421497792005539
0.24941441416740417,0.2472487837076187
0.5862244367599487,0.5867595076560974
0.44596752524375916,0.45068278908729553
0.008672350086271763,0.0010209624888375401
0.5880446434020996,0.5903236865997314
0.10507910698652267,0.1057627946138382
0.3392048180103302,0.34074166417121887
0.09634806960821152,0.09501250833272934
0.1051408126950264,0.10633757710456848
0.20950034260749817,0.2104363888502121
0.09485507756471634,0.09302832186222076
0.3845338523387909,0.38402363657951355
0.5599676370620728,0.5547422170639038
0.6099851727485657,0.6096747517585754
0.24579373002052307,0.24720153212547302
0.4896491765975952,0.48733770847320557
0.00782199576497078,0.00527541060000658
0.18474747240543365,0.18868647515773773
0.5001972913742065,0.4987231492996216
0.7534511685371399,0.7611262798309326
0.3855122923851013,0.3855117857456207
0.024678008630871773,0.02808828093111515
0.10400650650262833,0.1060672476887703
0.01350248884409666,0.025728780776262283
0.5621306300163269,0.5600701570510864
0.4858652353286743,0.48603329062461853
0.48323285579681396,0.48605427145957947
0.32246077060699463,0.3206058442592621
0.09632295370101929,0.0960492193698883
0.5254547595977783,0.5269846320152283
0.5170539021492004,0.5164417028427124
0.23172900080680847,0.23046457767486572
0.17873764038085938,0.18250557780265808
0.6593737602233887,0.6632477045059204
0.23261871933937073,0.23263248801231384
0.5830421447753906,0.5852503776550293
0.10883945226669312,0.11045292764902115
0.5053542852401733,0.504736065864563
0.33941057324409485,0.34074166417121887
0.0706062912940979,0.07531239092350006
0.23998604714870453,0.23897084593772888
0.45882630348205566,0.4589318335056305
0.5630162358283997,0.5600701570510864
0.7342360019683838,0.7388409376144409
0.1047048270702362,0.10633757710456848
0.6109750866889954,0.6188791394233704
0.3578469455242157,0.35483303666114807
0.4504534900188446,0.45068278908729553
0.22377930581569672,0.22503168880939484
0.22398705780506134,0.22503168880939484
0.26451319456100464,0.261888712644577
0.20318634808063507,0.19771242141723633
0.4845541715621948,0.4787946939468384
0.501849889755249,0.5031560659408569
0.45976608991622925,0.4594803750514984
0.10454633086919785,0.10633757710456848
0.6264529228210449,0.6337605118751526
0.33941054344177246,0.34074166417121887
0.5064154863357544,0.501935601234436
0.11610471457242966,0.11188331991434097
0.1694076508283615,0.16751396656036377
0.23554199934005737,0.2357504814863205
0.8708508610725403,0.8739255666732788
0.12111442536115646,0.1272292584180832
0.10080502182245255,0.10211200267076492
0.2151203751564026,0.21631808578968048
0.10501360893249512,0.1060672476887703
0.5642116665840149,0.5600701570510864
0.45353180170059204,0.45100298523902893
0.21627594530582428,0.21839675307273865
0.11703602969646454,0.12115596979856491
0.10391806811094284,0.10495967417955399
0.414382666349411,0.4134793281555176
0.3354249596595764,0.33762627840042114
0.21643862128257751,0.21839675307273865
0.009597460739314556,0.01075028907507658
0.38446202874183655,0.3839501440525055
0.11865880340337753,0.11896444112062454
0.2626461088657379,0.2642219662666321
0.33892711997032166,0.34074166417121887
0.06251180917024612,0.06188502907752991
0.37222975492477417,0.3707931339740753
0.3392409086227417,0.34074166417121887
0.45273181796073914,0.45100298523902893
0.4668794274330139,0.4704459011554718
0.4530651271343231,0.45100298523902893
0.49702808260917664,0.4947652816772461
0.4981582462787628,0.497799277305603
0.09432780742645264,0.09302832186222076
0.44326701760292053,0.44432342052459717
0.2443934828042984,0.24812276661396027
0.2665957510471344,0.266885906457901
0.3347613513469696,0.3380357027053833
1.0044792890548706,1.0032150745391846
0.1940069943666458,0.196938157081604
0.23762759566307068,0.2378186583518982
0.21343259513378143,0.21235233545303345
0.504461944103241,0.504736065864563
0.4804149866104126,0.4763564467430115
0.10298307985067368,0.09780768305063248
0.28280094265937805,0.29192179441452026
0.11182687431573868,0.11202505230903625
0.008763015270233154,0.006194014567881823
0.13517357409000397,0.1397983729839325
0.23628337681293488,0.2362150400876999
0.56336510181427,0.5600701570510864
0.09251865744590759,0.09401516616344452
0.5176172852516174,0.5164417028427124
0.38432466983795166,0.3855117857456207
0.33719173073768616,0.33762627840042114
0.24607999622821808,0.2472487837076187
0.3825475871562958,0.38075605034828186
0.1940275877714157,0.19253936409950256
0.10258431732654572,0.10397020727396011
0.47453442215919495,0.47072410583496094
0.7440506815910339,0.7531973719596863
0.009854331612586975,0.023789213970303535
0.4218248724937439,0.41828495264053345
0.23529945313930511,0.23423610627651215
0.4450547993183136,0.45068278908729553
0.8085257411003113,0.8045342564582825
0.2475048154592514,0.24866868555545807
0.20944379270076752,0.2066386193037033
0.5192435383796692,0.5213339328765869
0.24450361728668213,0.24507300555706024
0.10563343018293381,0.1057627946138382
0.21536549925804138,0.21631808578968048
0.24744591116905212,0.24507300555706024
0.33947017788887024,0.34074166417121887
0.5722036361694336,0.5733399987220764
0.3698996305465698,0.3698771297931671
0.2747810482978821,0.2700905203819275
0.49323004484176636,0.48733770847320557
0.06030471622943878,0.0619795136153698
0.4463924169540405,0.4391005039215088
0.33600226044654846,0.3390960395336151
0.26556655764579773,0.266885906457901
0.49718794226646423,0.49650800228118896
0.37149474024772644,0.3716041147708893
0.24259714782238007,0.24252715706825256
0.24616369605064392,0.25020667910575867
0.41310805082321167,0.40948209166526794
0.06551412492990494,0.06949106603860855
0.4467576742172241,0.45068278908729553
0.5167127847671509,0.5164417028427124
0.24659384787082672,0.2472487837076187
0.009116439148783684,0.015012610703706741
0.1059432253241539,0.10811704397201538
0.5259551405906677,0.5291393995285034
0.5170539021492004,0.5164417028427124
0.5027116537094116,0.5031560659408569
0.0998007133603096,0.09471067786216736
0.12636403739452362,0.12405088543891907
0.38326045870780945,0.3839501440525055
0.3223210573196411,0.32348763942718506
0.36828240752220154,0.36505579948425293
0.3631942868232727,0.3595809042453766
0.5108246803283691,0.505258321762085
0.2099865972995758,0.20640240609645844
0.3035910427570343,0.3055538833141327
0.11085491627454758,0.11256308853626251
0.33893999457359314,0.34074166417121887
0.3860456049442291,0.3855117857456207
0.2492959201335907,0.25142186880111694
0.28670865297317505,0.2916908264160156
0.1383780986070633,0.14185868203639984
0.24845802783966064,0.2564820647239685
0.38691574335098267,0.3902806341648102
0.5974946022033691,0.5994834899902344
0.24193690717220306,0.24252715706825256
0.42695045471191406,0.42575713992118835
0.6185081005096436,0.6227320432662964
0.21621057391166687,0.2165910303592682
0.3636658787727356,0.36449936032295227
0.009136701002717018,0.009136171080172062
0.5016316771507263,0.5092976093292236
0.0985540971159935,0.0960492193698883
0.49080711603164673,0.48733770847320557
0.12082218378782272,0.12438945472240448
0.49695950746536255,0.4947652816772461
0.3260919153690338,0.32235121726989746
0.810925304889679,0.8130719661712646
0.3587842881679535,0.3589300215244293
0.008844503201544285,0.01018600445240736
0.25772374868392944,0.2598362863063812
0.49109575152397156,0.48733770847320557
0.5211559534072876,0.5207958817481995
0.1283562183380127,0.13302433490753174
0.447033166885376,0.45068278908729553
0.09573857486248016,0.09514898806810379
0.09494411200284958,0.09302832186222076
0.33781301975250244,0.33762627840042114
0.38445863127708435,0.3855117857456207
0.2487986534833908,0.24824349582195282
0.11073841899633408,0.11202505230903625
0.5231189131736755,0.5227800607681274
0.1884596049785614,0.1810804307460785
0.3714016377925873,0.3707931339740753
0.4995719790458679,0.4987231492996216
0.5700551271438599,0.5664793848991394
0.3643912374973297,0.36449936032295227
0.3687775433063507,0.3674677908420563
0.2123611718416214,0.2130032330751419
0.22483472526073456,0.22503168880939484
0.195977583527565,0.1948201209306717
0.10333564877510071,0.10495967417955399
0.10008110105991364,0.10211200267076492
0.15311206877231598,0.15196332335472107
0.38782769441604614,0.3902806341648102
0.12395104020833969,0.12438945472240448
0.5038586258888245,0.504736065864563
0.07007861882448196,0.07760102301836014
0.5864567756652832,0.5905284285545349
0.05800435692071915,0.05614244192838669
0.3381254971027374,0.3380357027053833
0.012227923609316349,0.016629353165626526
0.2379956692457199,0.23314952850341797
0.009547979570925236,0.009587598964571953
0.24540002644062042,0.24507300555706024
0.3816094994544983,0.38075605034828186
0.3585900366306305,0.3588433861732483
0.12169253826141357,0.12361258268356323
0.5026304125785828,0.501935601234436
0.5225258469581604,0.5236304402351379
0.24006660282611847,0.2378186583518982
0.6964560747146606,0.6970864534378052
0.1064244881272316,0.10641106963157654
0.5081244707107544,0.5141110420227051
0.3705790042877197,0.3707931339740753
0.23874686658382416,0.23897084593772888
0.6393046975135803,0.6483899354934692
0.10658736526966095,0.10646093636751175
0.2474207580089569,0.24866868555545807
0.42138123512268066,0.41828495264053345
0.24541249871253967,0.24104951322078705
0.5265295505523682,0.5291393995285034
0.3881644308567047,0.3886665403842926
0.3340054452419281,0.33167633414268494
0.3590385615825653,0.3589300215244293
0.24207685887813568,0.24252715706825256
0.38110485672950745,0.38075605034828186
0.11240804940462112,0.11097259074449539
0.3786570131778717,0.37693989276885986
0.8939740657806396,0.9057092666625977
0.38432425260543823,0.3839501440525055
0.2159365713596344,0.2165910303592682
0.11970704793930054,0.12029510736465454
0.7020478248596191,0.705642580986023
0.21868428587913513,0.21839675307273865
0.3371064066886902,0.33762627840042114
0.5691149830818176,0.5571883320808411
0.3777170777320862,0.37693989276885986
0.3613379895687103,0.3589300215244293
0.10896466672420502,0.1104765459895134
0.3007908761501312,0.29785335063934326
0.35784682631492615,0.35483303666114807
0.24293863773345947,0.2403697520494461
0.8205354809761047,0.8258143663406372
0.11776766926050186,0.11896444112062454
0.8174264430999756,0.8230007886886597
0.2678636908531189,0.2642219662666321
0.6086586713790894,0.6096747517585754
0.008342438377439976,0.0018477060366421938
0.37646764516830444,0.37693989276885986
0.11177577823400497,0.11885946244001389
0.06005106866359711,0.06069871783256531
0.34709417819976807,0.3448359966278076
0.0266402680426836,0.02782057225704193
0.10968692600727081,0.11202505230903625
0.38382941484451294,0.38402363657951355
0.1093602254986763,0.11202505230903625
0.5831485986709595,0.5867595076560974
0.4233846664428711,0.42343175411224365
0.03163232281804085,0.032431963831186295
0.11189272999763489,0.11256308853626251
0.21316280961036682,0.21235233545303345
0.864772617816925,0.8666869401931763
0.48907729983329773,0.48722484707832336
0.2794997990131378,0.28023192286491394
0.3884403109550476,0.3886665403842926
0.5048539042472839,0.504736065864563
0.3426431119441986,0.3482348322868347
0.5211046934127808,0.5203812122344971
0.2665480971336365,0.266885906457901
0.7134158611297607,0.7191172242164612
0.1074376329779625,0.1104765459895134
0.5737662315368652,0.5733399987220764
0.37234869599342346,0.3707931339740753
0.5038586258888245,0.504736065864563
0.12338974326848984,0.12361258268356323
0.24048855900764465,0.244151771068573
0.11581769585609436,0.12324776500463486
0.5769347548484802,0.576442301273346
0.3700540065765381,0.3698771297931671
0.013881330378353596,0.02466057613492012
0.8680853843688965,0.8711224794387817
0.39611589908599854,0.39558494091033936
0.2725827395915985,0.2700905203819275
0.05664854124188423,0.05586685985326767
0.21272669732570648,0.21235233545303345
0.24193690717220306,0.24252715706825256
0.8662819862365723,0.8706527352333069
0.21273861825466156,0.21235233545303345
0.09871658682823181,0.08637238293886185
0.1157277449965477,0.11896444112062454
0.11100799590349197,0.11118518561124802
0.2951287627220154,0.2903706729412079
0.14139142632484436,0.15223364531993866
0.1110774353146553,0.1104765459895134
0.6133207082748413,0.6161600947380066
0.30026349425315857,0.29366976022720337
0.47710785269737244,0.4763564467430115
0.217417374253273,0.21839675307273865
0.1231219694018364,0.12361258268356323
0.13112211227416992,0.1326962560415268
0.1137877032160759,0.11256308853626251
0.23559944331645966,0.2357504814863205
0.06376747041940689,0.07205791026353836
0.17404428124427795,0.17568954825401306
0.18071970343589783,0.17472632229328156
0.24431663751602173,0.24507300555706024
0.23843534290790558,0.2378186583518982
0.5065111517906189,0.5093107223510742
0.6391982436180115,0.6454845666885376
0.5749921202659607,0.576442301273346
0.236270934343338,0.2357504814863205
0.5662659406661987,0.5664793848991394
0.7700612545013428,0.7738056182861328
0.5947583317756653,0.5978168845176697
0.28140872716903687,0.28023192286491394
0.4137119948863983,0.4134793281555176
0.09849456697702408,0.0993666872382164
0.517553985118866,0.5164417028427124
0.7692217826843262,0.7817213535308838
0.2628674805164337,0.2642219662666321
0.24387894570827484,0.24507300555706024
0.10314588993787766,0.10472871363162994
0.09726165235042572,0.0960492193698883
0.5733547210693359,0.5733399987220764
0.49935004115104675,0.4987231492996216
0.5210108160972595,0.5207014083862305
0.3336390256881714,0.33167633414268494
0.10991660505533218,0.11118518561124802
0.500708818435669,0.497799277305603
0.27768388390541077,0.2750746011734009
0.16971245408058167,0.17041413486003876
0.1453971266746521,0.14634408056735992
0.1016923263669014,0.10211200267076492
0.2755170464515686,0.2750746011734009
0.11547982692718506,0.11946049332618713
0.5425776243209839,0.5435116291046143
0.12563756108283997,0.13259127736091614
0.21065017580986023,0.21354913711547852
0.11822105944156647,0.11896444112062454
0.2177472561597824,0.21839675307273865
0.22320272028446198,0.2170923352241516
0.4120315909385681,0.4134793281555176
0.0969683825969696,0.0960492193698883
0.1016923263669014,0.10211200267076492
0.8966414332389832,0.9060556888580322
0.0075803762301802635,0.006348864641040564
0.12880241870880127,0.1326962560415268
0.1239040195941925,0.12361258268356323
0.24409444630146027,0.24507300555706024
0.008596289902925491,0.003902754047885537
1.0103662014007568,1.014466643333435
0.41188713908195496,0.40948209166526794
0.5800645351409912,0.5830273628234863
0.1280394047498703,0.12696942687034607
0.49623173475265503,0.4947652816772461
0.4668795168399811,0.4704459011554718
0.4911702871322632,0.48722484707832336
0.49146369099617004,0.48733770847320557
0.00894708838313818,0.004718998912721872
0.4995979368686676,0.4987231492996216
0.5033003091812134,0.5042374134063721
0.1380086988210678,0.14966155588626862
0.5669553875923157,0.5664793848991394
0.10910642892122269,0.1104765459895134
0.525692343711853,0.5269846320152283
0.09671500325202942,0.09501250833272934
0.8821420669555664,0.8885576128959656
0.459323525428772,0.4589318335056305
0.06852420419454575,0.07644621282815933
0.6384404897689819,0.6482561230659485
0.008415363729000092,0.002973651746287942
0.10863254219293594,0.1104765459895134
0.27521324157714844,0.27344998717308044
0.2780176103115082,0.2750746011734009
0.13205291330814362,0.13338914513587952
0.12883155047893524,0.12797200679779053
0.523652195930481,0.5236304402351379
0.3724777102470398,0.3719768226146698
0.4239045977592468,0.42343175411224365
0.007998151704668999,0.005322652868926525
0.5841200947761536,0.5867595076560974
0.3845173418521881,0.3861495554447174
0.3868706524372101,0.3886665403842926
0.18315990269184113,0.18084685504436493
0.23653526604175568,0.2357504814863205
0.11017680913209915,0.11118518561124802
0.06081463769078255,0.05900586023926735
0.43462491035461426,0.43349701166152954
0.1015084981918335,0.10397020727396011
0.0998886376619339,0.0993666872382164
0.3374595642089844,0.33762627840042114
0.173375204205513,0.17365549504756927
0.5895993709564209,0.5882869958877563
0.06243746355175972,0.06324981153011322
0.5212326049804688,0.5207014083862305
0.6078231334686279,0.6096747517585754
0.09353180974721909,0.0900520458817482
0.06489980220794678,0.07157236337661743
0.34295982122421265,0.34161826968193054
0.09610012173652649,0.0960492193698883
0.4238619804382324,0.41828495264053345
0.3407544493675232,0.34074166417121887
0.24028776586055756,0.23922018706798553
0.009353244677186012,0.0003464448673184961
0.41103801131248474,0.40948209166526794
0.4472326934337616,0.45068278908729553
0.2898823916912079,0.2876463532447815
0.7654318809509277,0.7784380316734314
0.4990038573741913,0.497799277305603
0.3218720257282257,0.32175806164741516
0.39133113622665405,0.3882019817829132
0.24189694225788116,0.24252715706825256
0.24416764080524445,0.24507300555706024
0.4613950550556183,0.4630891978740692
0.522447943687439,0.5227800607681274
0.49027448892593384,0.48722484707832336
0.49920928478240967,0.5025628805160522
0.418913871049881,0.4134793281555176
0.11466510593891144,0.11896444112062454
0.3405168950557709,0.3420303165912628
0.3693493902683258,0.3698771297931671
0.38488510251045227,0.3855117857456207
0.49022388458251953,0.48733770847320557
0.00951693207025528,0.011611152440309525
0.247236430644989,0.25034579634666443
0.13028723001480103,0.1326962560415268
0.33492544293403625,0.33762627840042114
0.0958932414650917,0.09514898806810379
0.04504131153225899,0.04729759693145752
0.008458050899207592,0.0029920239467173815
0.09572423249483109,0.09302832186222076
0.5049764513969421,0.5042374134063721
0.358916699886322,0.3588433861732483
0.22037790715694427,0.22146226465702057
0.2763516902923584,0.27396178245544434
0.45723816752433777,0.4589318335056305
0.4605545997619629,0.4630891978740692
0.38619470596313477,0.3908317983150482
0.5861019492149353,0.5867595076560974
0.371746301651001,0.3719768226146698
0.5040861964225769,0.504736065864563
0.3864346146583557,0.3861495554447174
0.5604548454284668,0.5547422170639038
0.5589159727096558,0.5547422170639038
0.3692532479763031,0.3698771297931671
0.5232531428337097,0.5236304402351379
0.14661557972431183,0.14830465614795685
0.0075186630710959435,0.01151666697114706
0.5111168622970581,0.5113526582717896
0.5252646207809448,0.5269846320152283
0.5254595279693604,0.5297273397445679
0.5642116665840149,0.5600701570510864
0.2151467651128769,0.2165910303592682
0.11112666875123978,0.11097259074449539
0.11138726770877838,0.11256308853626251
0.27621546387672424,0.2735234797000885
0.21585477888584137,0.2165910303592682
0.23738647997379303,0.2378186583518982
0.09628017991781235,0.0960492193698883
0.4893787205219269,0.48733770847320557
0.4356098175048828,0.43349701166152954
0.3365870714187622,0.3380357027053833
0.09816619753837585,0.0993666872382164
0.060050804167985916,0.06258054077625275
0.4243532419204712,0.42575713992118835
0.09303563833236694,0.0900520458817482
0.1035141795873642,0.10472871363162994
0.2739049792289734,0.2735234797000885
0.12006369978189468,0.12029510736465454
0.25367724895477295,0.2610330879688263
0.2465597689151764,0.24824349582195282
0.4585602581501007,0.4628109931945801
0.3533134460449219,0.35495901107788086
0.388199120759964,0.3886665403842926
0.09953623265028,0.0993666872382164
0.3843488395214081,0.3855117857456207
0.28438764810562134,0.29267504811286926
0.11266233772039413,0.11118518561124802
0.14139142632484436,0.15223364531993866
0.23870797455310822,0.2378186583518982
0.007798662409186363,0.003768900176510215
0.10128646343946457,0.10211200267076492
0.029132386669516563,0.031153792515397072
0.24756085872650146,0.24824349582195282
0.24835655093193054,0.25034579634666443
0.08943808823823929,0.08844055235385895
0.2468721866607666,0.24866868555545807
0.2697197496891022,0.266885906457901
0.4329318702220917,0.43349701166152954
0.5628563761711121,0.5600701570510864
0.08867229521274567,0.08766630291938782
0.09941971302032471,0.0993666872382164
0.483232706785202,0.48605427145957947
0.30827009677886963,0.3005881607532501
0.3668310344219208,0.36677488684654236
0.11136550456285477,0.11490421742200851
0.24893543124198914,0.25034579634666443
0.07263820618391037,0.07827291637659073
0.030190888792276382,0.03471797704696655
0.49017974734306335,0.49137431383132935
0.3268333077430725,0.32275015115737915
0.44450703263282776,0.4391005039215088
0.2873680889606476,0.29657256603240967
0.4771078824996948,0.4763564467430115
0.4974311888217926,0.497799277305603
0.2457813322544098,0.24720153212547302
0.31560420989990234,0.3126271367073059
0.27269455790519714,0.2700905203819275
0.009621182456612587,0.022537289187312126
0.24764041602611542,0.24849021434783936
0.23997990787029266,0.23969785869121552
0.40958133339881897,0.40948209166526794
0.4465053975582123,0.4391005039215088
0.2658980190753937,0.2642219662666321
0.5244989991188049,0.5269846320152283
0.5181684494018555,0.5164417028427124
0.570595383644104,0.5733399987220764
0.5036992430686951,0.5031560659408569
0.459301233291626,0.4586562514305115
0.21354080736637115,0.21235233545303345
0.17136868834495544,0.17353476583957672
0.10330456495285034,0.10472871363162994
0.3851150572299957,0.3839501440525055
0.3520365059375763,0.35069406032562256
0.5769138336181641,0.5764396786689758
0.2370060533285141,0.2362150400876999
0.10299544036388397,0.10241645574569702
0.3831407129764557,0.3839501440525055
0.5207618474960327,0.5207958817481995
0.27093836665153503,0.2695446014404297
0.4305937588214874,0.434179425239563
0.05405213683843613,0.05010852590203285
0.524261474609375,0.5236304402351379
0.6453371644020081,0.6523189544677734
0.32545769214630127,0.32275015115737915
0.24327848851680756,0.24252715706825256
0.5947583317756653,0.5978168845176697
0.10947057604789734,0.11097259074449539
0.22838282585144043,0.22795547544956207
0.3853945732116699,0.3861495554447174
0.5623838305473328,0.558049201965332
0.3718726336956024,0.3719768226146698
0.03522326424717903,0.03470747545361519
0.7391601204872131,0.744651734828949
0.7033385038375854,0.7083144187927246
0.12979260087013245,0.1326962560415268
0.014042851515114307,0.022849613800644875
0.5215219259262085,0.5207014083862305
0.10928205400705338,0.11118518561124802
0.2633691728115082,0.2642219662666321
0.3812481462955475,0.38075605034828186
0.10449245572090149,0.1060672476887703
0.3672933280467987,0.36677488684654236
0.10421862453222275,0.1057627946138382
0.007661462761461735,0.005264912266284227
0.23491431772708893,0.2305748164653778
0.0962509959936142,0.0960492193698883
0.47780147194862366,0.4725770652294159
0.7947179079055786,0.796269416809082
0.7131166458129883,0.7172196507453918
0.11138729751110077,0.11256308853626251
0.009640559554100037,0.00019421910110395402
0.10358141362667084,0.10472871363162994
0.10877291858196259,0.11118518561124802
0.21254666149616241,0.21235233545303345
0.2499486207962036,0.25142186880111694
0.4094400107860565,0.4040544629096985
0.06385530531406403,0.06535472720861435
0.9698790907859802,0.9640458226203918
0.05362967029213905,0.04865450784564018
0.3385690748691559,0.3380357027053833
0.3864855170249939,0.3886665403842926
0.5012102127075195,0.501935601234436
0.008458043448626995,0.0029920239467173815
0.10894657671451569,0.1104765459895134
0.6699761152267456,0.671320915222168
0.2999550998210907,0.29847800731658936
0.2363637238740921,0.2362150400876999
0.008422122336924076,0.0033857112284749746
0.18267276883125305,0.18519577383995056
0.5266590714454651,0.5291393995285034
0.490913063287735,0.48733770847320557
0.4256094694137573,0.42343175411224365
0.021750222891569138,0.02905150130391121
0.24993270635604858,0.25142186880111694
0.6986579298973083,0.7045376300811768
0.4283568263053894,0.42575713992118835
0.09504110366106033,0.09302832186222076
0.19081273674964905,0.1929461658000946
0.2877271771430969,0.2916908264160156
0.5212491750717163,0.5207014083862305
0.09600433707237244,0.09501250833272934
0.7173427939414978,0.7186972498893738
0.5542094707489014,0.5519102811813354
0.5927061438560486,0.5902213454246521
0.2518136501312256,0.2497815042734146
0.33598747849464417,0.33762627840042114
0.10633569955825806,0.10811704397201538
0.36127451062202454,0.3588433861732483
0.4753444492816925,0.4763564467430115
0.6138913631439209,0.6134278774261475
0.5113444328308105,0.5112607479095459
0.707525908946991,0.7129783034324646
1.0429145097732544,1.0903092622756958
0.09326814115047455,0.0900520458817482
0.09953623265028,0.0993666872382164
0.6170709133148193,0.6210417747497559
0.141144260764122,0.13945193588733673
0.1283562183380127,0.13302433490753174
0.2409082055091858,0.2384301871061325
0.520116925239563,0.5207014083862305
0.6293906569480896,0.6357263326644897
0.10758451372385025,0.1093873456120491
0.3477315604686737,0.35069406032562256
0.2687845528125763,0.266885906457901
0.3366668224334717,0.33762627840042114
0.11792587488889694,0.11896444112062454
0.5070003271102905,0.5115756988525391
0.5246848464012146,0.5269846320152283
0.11024518311023712,0.11097259074449539
0.3371269106864929,0.3380357027053833
0.008373652584850788,0.004493284970521927
0.4167083501815796,0.4134793281555176
0.11623121798038483,0.11896444112062454
0.4483504891395569,0.45068278908729553
0.44715842604637146,0.4391005039215088
0.5027022957801819,0.5031560659408569
0.49071553349494934,0.48722484707832336
0.11034999787807465,0.1142926886677742
0.09466464072465897,0.0900520458817482
0.4305938482284546,0.434179425239563
0.38585609197616577,0.3886665403842926
0.27363696694374084,0.2735234797000885
0.10257209092378616,0.10211200267076492
0.8491367101669312,0.8473201990127563
0.009653983637690544,0.011346069164574146
0.4915825128555298,0.48722484707832336
0.22537575662136078,0.22503168880939484
0.10106530040502548,0.10693073272705078
0.38788875937461853,0.3902806341648102
0.23015689849853516,0.23052231967449188
0.18216195702552795,0.1864188313484192
0.4289928376674652,0.42575713992118835
0.24162229895591736,0.24150356650352478
0.23817476630210876,0.2384301871061325
0.4958063066005707,0.4947652816772461
0.3701256811618805,0.3707931339740753
0.11990032345056534,0.12361258268356323
0.5256216526031494,0.5269846320152283
0.5881689786911011,0.5867595076560974
0.4585358500480652,0.4594803750514984
0.2401399165391922,0.23922018706798553
0.44917309284210205,0.4421292841434479
0.7710104584693909,0.7772228121757507
0.442879319190979,0.45068278908729553
0.10261470079421997,0.10208313167095184
0.5230434536933899,0.5227800607681274
0.36037367582321167,0.3589300215244293
0.10470598191022873,0.1060672476887703
0.5719568729400635,0.571539580821991
0.3639833331108093,0.36056774854660034
0.5200338363647461,0.5207014083862305
0.1474035382270813,0.14708684384822845
0.10923783481121063,0.11097259074449539
0.0957280844449997,0.09302832186222076
0.09524627774953842,0.0900520458817482
0.5678057074546814,0.5664793848991394
0.12882652878761292,0.1326962560415268
0.5991663336753845,0.5996015667915344
0.4147398769855499,0.4134793281555176
0.4787661135196686,0.4763564467430115
0.2828010022640228,0.29192179441452026
0.285787433385849,0.2916908264160156
0.12386926263570786,0.12696942687034607
0.24570772051811218,0.2472487837076187
0.0076603456400334835,0.00527016120031476
0.178084596991539,0.1808888465166092
0.1380086988210678,0.14966155588626862
0.461966872215271,0.4630891978740692
0.11776769906282425,0.11896444112062454
0.49702805280685425,0.4947652816772461
0.11579982936382294,0.12029510736465454
0.39262309670448303,0.3908003270626068
0.500564694404602,0.497799277305603
0.1997320055961609,0.201363205909729
0.09597901999950409,0.09501250833272934
0.24928124248981476,0.25142186880111694
0.40963372588157654,0.40948209166526794
0.00836097914725542,0.002669200301170349
0.38340523838996887,0.3894853889942169
0.0552515909075737,0.053108423948287964
0.12010566145181656,0.13129998743534088
0.42562517523765564,0.42575713992118835
0.5192434787750244,0.5213339328765869
0.09481247514486313,0.08304178714752197
0.124386727809906,0.12438945472240448
0.5727497339248657,0.5733399987220764
0.43360045552253723,0.43590375781059265
0.2812036871910095,0.27601683139801025
0.23193828761577606,0.23165351152420044
0.5254491567611694,0.5269846320152283
0.23098669946193695,0.23046457767486572
0.6391808986663818,0.6496051549911499
